"File","Category","Lines","UseClient","UseStateCalls","EffectCalls","UntypedValueReferences","RawFormControls","DialogContentSites","ContextCreationLines","Imports","TestsExplicitlyNamingSource","Review"
"app/(game)/layout.tsx","route/UI entry","10","false","0","0","0","0","0","","react;@/components/login-hero;../providers","","AST/source inventory only; see domain reports for review coverage"
"app/(game)/page.tsx","route/UI entry","1315","true","12","12","7","0","1","","@/components/chat;@/components/app-update-banner;@/components/status-bar;@/components/solana;@/components/theme-selector;@/components/ui/alert;@/components/ui/button;@/components/ui/dialog;@/components/ui/loading;@/components/ui/performance-mode;@/components/ui/toggle-group;@/components/login-hero;@/lib/farm-view-context;@/lib/tab-visibility-context;@/lib/types;lucide-react;next-themes;next/dynamic;next/image;react;react-hot-toast;@/components/auth/surface-switch-buttons;@/hooks/useAppAuthController;@/hooks/useAutoConnect;@/hooks/useBroadcastMessages;@/hooks/useFarcaster;@/hooks/useMediaQuery;@/hooks/useWebQueryState;@/lib/app-events;@/lib/auth-surface;@/lib/env-config;@/lib/farcaster-miniapp-auth-client;@/lib/local-test-mode;@/lib/solana-auth-availability;@/lib/utils;@/components/tutorial;@/components/ui/error-boundary;@/hooks/useKeyboardAware","smoke/activity-filters-smoke.ts;smoke/production-fixes-smoke.ts;smoke/provider-bundle-structure-smoke.ts","AST/source inventory only; see domain reports for review coverage"
"app/.well-known/farcaster.json/route.ts","app infrastructure","85","false","0","0","0","0","0","","","","AST/source inventory only; see domain reports for review coverage"
"app/admin/layout.tsx","route/UI entry","23","false","0","0","0","0","0","","next;../core-providers","","AST/source inventory only; see domain reports for review coverage"
"app/admin/page.tsx","route/UI entry","4031","true","76","3","50","1","2","","@/components/theme-selector;@/components/ui/alert;@/components/ui/button;@/components/ui/card;@/components/ui/dialog;@/components/ui/input;@/components/ui/textarea;@/lib/broadcast-service;@/lib/env-config;@/lib/types;date-fns;lucide-react;next/image;react;react-hot-toast","","AST/source inventory only; see domain reports for review coverage"
"app/api/activity/my/route.ts","API route","41","false","0","0","1","0","0","","next/server;@/lib/activity-service;@/lib/utils","smoke/activity-filters-smoke.ts","AST/source inventory only; see domain reports for review coverage"
"app/api/activity/recent/route.ts","API route","28","false","0","0","1","0","0","","next/server;@/lib/activity-service","","AST/source inventory only; see domain reports for review coverage"
"app/api/admin/auth/route.ts","API route","21","false","0","0","0","0","0","","@/lib/auth-utils;next/server","","AST/source inventory only; see domain reports for review coverage"
"app/api/admin/batch-limits/route.ts","API route","245","false","0","0","3","0","0","","@/lib/auth-utils;@/lib/base-rpc;@/lib/contracts;@/public/abi/pixotchi-v3-abi;next/server;viem","","AST/source inventory only; see domain reports for review coverage"
"app/api/admin/broadcast/cleanup/route.ts","API route","92","false","0","0","0","0","0","","next/server;@/lib/auth-utils;@/lib/broadcast-service","","AST/source inventory only; see domain reports for review coverage"
"app/api/admin/broadcast/route.ts","API route","204","false","0","0","0","0","0","","next/server;@/lib/auth-utils;@/lib/broadcast-service","","AST/source inventory only; see domain reports for review coverage"
"app/api/admin/builder-code/route.ts","API route","66","false","0","0","1","0","0","","next/server;ox/erc8021;@/lib/auth-utils;@/lib/env-config","","AST/source inventory only; see domain reports for review coverage"
"app/api/admin/claims/route.ts","API route","215","false","0","0","5","0","0","","next/server;@/lib/auth-utils;@/lib/redis","","AST/source inventory only; see domain reports for review coverage"
"app/api/admin/feedback/delete/route.ts","API route","61","false","0","0","0","0","0","","next/server;@/lib/auth-utils;@/lib/redis;@/lib/logger","","AST/source inventory only; see domain reports for review coverage"
"app/api/admin/feedback/list/route.ts","API route","51","false","0","0","0","0","0","","next/server;@/lib/auth-utils;@/lib/redis;@/lib/logger","","AST/source inventory only; see domain reports for review coverage"
"app/api/admin/notifications/campaigns/preview/route.ts","API route","37","false","0","0","0","0","0","","next/server;zod;@/lib/auth-utils;@/lib/notifications/campaigns","","AST/source inventory only; see domain reports for review coverage"
"app/api/admin/notifications/campaigns/route.ts","API route","36","false","0","0","0","0","0","","next/server;@/lib/auth-utils;@/lib/notifications/storage","","AST/source inventory only; see domain reports for review coverage"
"app/api/admin/notifications/campaigns/send/route.ts","API route","38","false","0","0","0","0","0","","next/server;zod;@/lib/auth-utils;@/lib/notifications/campaigns","","AST/source inventory only; see domain reports for review coverage"
"app/api/admin/notifications/campaigns/[id]/route.ts","API route","36","false","0","0","0","0","0","","next/server;@/lib/auth-utils;@/lib/notifications/storage","","AST/source inventory only; see domain reports for review coverage"
"app/api/admin/notifications/eligible/route.ts","API route","305","false","0","0","3","0","0","","next/server;date-fns;@/lib/auth-utils;@/lib/redis;@/lib/env-config;@/lib/contracts;@/lib/notifications/constants;@/lib/notifications/plant-care;@/lib/notifications/storage;@/lib/notifications/utils","","AST/source inventory only; see domain reports for review coverage"
"app/api/admin/notifications/keys/route.ts","API route","265","false","0","0","7","0","0","","@/lib/auth-utils;@/lib/redis;next/server","","AST/source inventory only; see domain reports for review coverage"
"app/api/admin/notifications/reset/route.ts","API route","151","false","0","0","2","0","0","","next/server;@/lib/redis;@/lib/auth-utils;@/lib/env-config;@/lib/notifications/storage;@/lib/notifications/constants;@/lib/notifications/provider","","AST/source inventory only; see domain reports for review coverage"
"app/api/admin/notifications/route.ts","API route","109","false","0","0","1","0","0","","next/server;@/lib/redis;@/lib/auth-utils;@/lib/env-config;@/lib/notifications/storage","","AST/source inventory only; see domain reports for review coverage"
"app/api/admin/notifications/trigger/route.ts","API route","165","false","0","0","1","0","0","","next/server;@/lib/auth-utils;@/lib/env-config;@/lib/redis;@/lib/notifications/constants","","AST/source inventory only; see domain reports for review coverage"
"app/api/admin/rpc-status/route.ts","API route","85","false","0","0","0","0","0","","@/lib/auth-utils;@/lib/base-rpc;next/server","","AST/source inventory only; see domain reports for review coverage"
"app/api/airdrop/claim/route.ts","API route","500","false","0","0","4","0","0","","@/lib/base-rpc;@/lib/airdrop-claim-state;@/lib/airdrop-claim-reconciliation;@/lib/redis;@coinbase/cdp-sdk;next/server;viem","smoke/airdrop-claim-reconciliation-smoke.ts","AST/source inventory only; see domain reports for review coverage"
"app/api/airdrop/manage/route.ts","API route","446","false","0","0","5","0","0","","next/server;@/lib/base-rpc;@/lib/redis;@/lib/auth-utils;viem","","AST/source inventory only; see domain reports for review coverage"
"app/api/airdrop/status/route.ts","API route","195","false","0","0","3","0","0","","next/server;@/lib/airdrop-claim-state;@/lib/airdrop-claim-reconciliation;@/lib/base-rpc;@/lib/redis;@/lib/request-rate-limit;@coinbase/cdp-sdk","smoke/airdrop-claim-reconciliation-smoke.ts","AST/source inventory only; see domain reports for review coverage"
"app/api/blackjack/random/route.ts","API route","730","false","0","0","5","0","0","","@/lib/base-rpc;@/lib/casino-feature;@/lib/casino-policy;@/lib/chat-auth;@/lib/blackjack-randomness-lock.mjs;@/lib/contracts;@/lib/redis;@/public/abi/blackjack-abi;@/public/abi/pixotchi-v3-abi;next/server;viem;viem/accounts","smoke/casino-hardening-smoke.mjs","AST/source inventory only; see domain reports for review coverage"
"app/api/bridge/check-adapter/route.ts","API route","135","false","0","0","0","0","0","","next/server;@/lib/bridge-debug-access;@/lib/base-rpc;viem","","AST/source inventory only; see domain reports for review coverage"
"app/api/bridge/check-pixotchi/route.ts","API route","82","false","0","0","0","0","0","","next/server;@/lib/bridge-debug-access;@/lib/base-rpc;viem","","AST/source inventory only; see domain reports for review coverage"
"app/api/bridge/check-pool-types/route.ts","API route","180","false","0","0","1","0","0","","@/lib/base-rpc;@/lib/bridge-debug-access;next/server;viem","","AST/source inventory only; see domain reports for review coverage"
"app/api/bridge/check-pools/route.ts","API route","191","false","0","0","1","0","0","","@/lib/base-rpc;@/lib/bridge-debug-access;next/server;viem","","AST/source inventory only; see domain reports for review coverage"
"app/api/bridge/check-swap/route.ts","API route","199","false","0","0","0","0","0","","next/server;@/lib/bridge-debug-access;@/lib/base-rpc;viem","","AST/source inventory only; see domain reports for review coverage"
"app/api/bridge/check-twin/route.ts","API route","94","false","0","0","0","0","0","","next/server;@/lib/bridge-debug-access;@/lib/base-rpc;viem","","AST/source inventory only; see domain reports for review coverage"
"app/api/bridge/check-wsol-impl/route.ts","API route","91","false","0","0","1","0","0","","@/lib/base-rpc;@/lib/bridge-debug-access;next/server;viem","","AST/source inventory only; see domain reports for review coverage"
"app/api/bridge/debug-deep/route.ts","API route","223","false","0","0","9","0","0","","@/lib/base-rpc;@/lib/bridge-debug-access;next/server;viem","","AST/source inventory only; see domain reports for review coverage"
"app/api/bridge/diagnose/route.ts","API route","333","false","0","0","3","0","0","","next/server;@/lib/bridge-debug-access;@/lib/base-rpc;viem;@solana/web3.js","","AST/source inventory only; see domain reports for review coverage"
"app/api/bridge/find-failure/route.ts","API route","153","false","0","0","2","0","0","","next/server;@/lib/bridge-debug-access;@/lib/base-rpc;viem","","AST/source inventory only; see domain reports for review coverage"
"app/api/bridge/find-message/route.ts","API route","145","false","0","0","0","0","0","","next/server;@/lib/bridge-debug-access;@solana/web3.js","","AST/source inventory only; see domain reports for review coverage"
"app/api/bridge/retry-relay/route.ts","API route","325","false","0","0","3","0","0","","next/server;@/lib/bridge-debug-access;@/lib/base-rpc;viem;@solana/web3.js","","AST/source inventory only; see domain reports for review coverage"
"app/api/bridge/simulate-mint/route.ts","API route","163","false","0","0","2","0","0","","@/lib/base-rpc;@/lib/bridge-debug-access;next/server;viem","","AST/source inventory only; see domain reports for review coverage"
"app/api/bridge/test-aero-swap/route.ts","API route","182","false","0","0","4","0","0","","@/lib/base-rpc;@/lib/bridge-debug-access;next/server;viem","","AST/source inventory only; see domain reports for review coverage"
"app/api/bridge/test-swap-steps/route.ts","API route","193","false","0","0","1","0","0","","@/lib/base-rpc;@/lib/bridge-debug-access;next/server;viem","","AST/source inventory only; see domain reports for review coverage"
"app/api/bridge/test-transfer/route.ts","API route","133","false","0","0","4","0","0","","@/lib/base-rpc;@/lib/bridge-debug-access;next/server;viem","","AST/source inventory only; see domain reports for review coverage"
"app/api/bridge/trace-mint/route.ts","API route","210","false","0","0","3","0","0","","@/lib/base-rpc;@/lib/bridge-debug-access;next/server;viem","","AST/source inventory only; see domain reports for review coverage"
"app/api/bridge/verify-wsol/route.ts","API route","118","false","0","0","0","0","0","","@/lib/base-rpc;@/lib/bridge-debug-access;next/server;viem","","AST/source inventory only; see domain reports for review coverage"
"app/api/broadcast/active/route.ts","API route","29","false","0","0","0","0","0","","next/server;@/lib/broadcast-service","","AST/source inventory only; see domain reports for review coverage"
"app/api/broadcast/dismiss/route.ts","API route","38","false","0","0","0","0","0","","next/server;@/lib/broadcast-service","","AST/source inventory only; see domain reports for review coverage"
"app/api/broadcast/impression/route.ts","API route","29","false","0","0","0","0","0","","next/server;@/lib/broadcast-service","","AST/source inventory only; see domain reports for review coverage"
"app/api/chat/admin/delete/route.ts","API route","67","false","0","0","0","0","0","","next/server;@/lib/chat-service;@/lib/auth-utils","","AST/source inventory only; see domain reports for review coverage"
"app/api/chat/admin/messages/route.ts","API route","38","false","0","0","0","0","0","","next/server;@/lib/chat-service;@/lib/auth-utils","","AST/source inventory only; see domain reports for review coverage"
"app/api/chat/ai/admin/conversations/route.ts","API route","120","false","0","0","0","0","0","","next/server;@/lib/auth-utils;@/lib/ai-service","","AST/source inventory only; see domain reports for review coverage"
"app/api/chat/ai/admin/messages/route.ts","API route","60","false","0","0","0","0","0","","next/server;@/lib/auth-utils;@/lib/ai-service","","AST/source inventory only; see domain reports for review coverage"
"app/api/chat/ai/messages/route.ts","API route","124","false","0","0","0","0","0","","next/server;@/lib/ai-service;@/lib/chat-auth;@/lib/request-rate-limit","smoke/miniapp-auth-hardening-smoke.ts","AST/source inventory only; see domain reports for review coverage"
"app/api/chat/ai/send/route.ts","API route","224","false","0","0","6","0","0","","next/server;@/lib/ai-service;@/lib/chat-auth;@/lib/request-rate-limit","smoke/miniapp-auth-hardening-smoke.ts","AST/source inventory only; see domain reports for review coverage"
"app/api/chat/auth/base/debug/route.ts","API route","118","false","0","0","8","0","0","","next/server;@/lib/auth-utils","","AST/source inventory only; see domain reports for review coverage"
"app/api/chat/auth/base/nonce/route.ts","API route","46","false","0","0","0","0","0","","next/server;@/lib/chat-auth;@/lib/request-rate-limit","","AST/source inventory only; see domain reports for review coverage"
"app/api/chat/auth/session/route.ts","API route","270","false","0","0","7","0","0","","next/server;@/lib/chat-auth;@/lib/request-rate-limit","smoke/redis-session-cache-resilience-smoke.ts","AST/source inventory only; see domain reports for review coverage"
"app/api/chat/messages/route.ts","API route","95","false","0","0","0","0","0","","next/server;@/lib/chat-auth;@/lib/chat-service;@/lib/request-rate-limit","smoke/miniapp-auth-hardening-smoke.ts","AST/source inventory only; see domain reports for review coverage"
"app/api/chat/send/route.ts","API route","166","false","0","0","0","0","0","","next/server;@/lib/chat-service;@/lib/chat-auth;@/lib/gamification-service;@/lib/request-rate-limit;@/lib/gamification-feature","smoke/miniapp-auth-hardening-smoke.ts","AST/source inventory only; see domain reports for review coverage"
"app/api/ens/avatars/route.ts","API route","112","false","0","0","2","0","0","","next/server;viem","","AST/source inventory only; see domain reports for review coverage"
"app/api/ens/resolve/route.ts","API route","43","false","0","0","1","0","0","","@/lib/ens-resolver;next/server;viem","","AST/source inventory only; see domain reports for review coverage"
"app/api/feedback/submit/route.ts","API route","136","false","0","0","4","0","0","","next/server;@/lib/request-rate-limit;@/lib/redis;@/lib/logger;nanoid;viem","","AST/source inventory only; see domain reports for review coverage"
"app/api/gamification/admin/reset/route.ts","API route","30","false","0","0","0","0","0","","@/lib/auth-utils;@/lib/gamification-service;next/server","","AST/source inventory only; see domain reports for review coverage"
"app/api/gamification/leaderboards/route.ts","API route","22","false","0","0","0","0","0","","next/server;@/lib/gamification-service;@/lib/auth-utils","","AST/source inventory only; see domain reports for review coverage"
"app/api/gamification/missions/route.ts","API route","377","false","0","0","1","0","0","","next/server;@/lib/chat-auth;@/lib/gamification-service;@/lib/utils;@/lib/gamification-types;@/lib/gamification-proof;@/lib/contracts;viem;@/lib/gamification-feature;@/lib/base-rpc;@/lib/request-rate-limit","smoke/miniapp-auth-hardening-smoke.ts;smoke/mission-proof-hardening-smoke.ts;smoke/mission-proof-security-review-smoke.ts;smoke/mission-summary-read-resilience-smoke.ts","AST/source inventory only; see domain reports for review coverage"
"app/api/gamification/streak/route.ts","API route","75","false","0","0","0","0","0","","next/server;@/lib/chat-auth;@/lib/gamification-service;@/lib/utils;@/lib/gamification-feature","smoke/miniapp-auth-hardening-smoke.ts","AST/source inventory only; see domain reports for review coverage"
"app/api/health/route.ts","API route","51","false","0","0","0","0","0","","next/server;@/lib/env-config","","AST/source inventory only; see domain reports for review coverage"
"app/api/leaderboard/players/route.ts","API route","20","false","0","0","0","0","0","","next/server;@/lib/player-ranking-service;@/lib/player-ranking","","AST/source inventory only; see domain reports for review coverage"
"app/api/leaderboard/rocks/route.ts","API route","49","false","0","0","0","0","0","","next/server;@/lib/gamification-service;@/lib/ens-resolver;@/lib/gamification-feature","","AST/source inventory only; see domain reports for review coverage"
"app/api/leaderboard/stake/route.ts","API route","57","false","0","0","0","0","0","","next/server;@/lib/stake-leaderboard-service","","AST/source inventory only; see domain reports for review coverage"
"app/api/notifications/cron/base-audience-sync/route.ts","API route","248","false","0","0","0","0","0","","next/server;zod;@/lib/auth-utils;@/lib/notifications/base-api;@/lib/notifications/constants;@/lib/notifications/storage;@/lib/env-config;@/lib/notifications/utils;@/lib/notifications/cron-auth","","AST/source inventory only; see domain reports for review coverage"
"app/api/notifications/cron/plant-care/route.ts","API route","641","false","0","0","9","0","0","","next/server;zod;date-fns;@/lib/redis;@/lib/env-config;@/lib/contracts;@/lib/notifications/storage;@/lib/notifications/constants;@/lib/notifications/plant-care;@/lib/notifications/base-api;@/lib/notifications/utils;@/lib/auth-utils;@/lib/notifications/cron-auth","","AST/source inventory only; see domain reports for review coverage"
"app/api/notifications/map-fid/route.ts","API route","87","false","0","0","1","0","0","","next/server;@/lib/request-rate-limit;@/lib/redis;@/lib/env-config;@/lib/chat-auth;viem","","AST/source inventory only; see domain reports for review coverage"
"app/api/notifications/mint-success/route.ts","API route","118","false","0","0","6","0","0","","next/server;@/lib/notification-client;@/lib/env-config;@/lib/chat-auth;@/lib/request-rate-limit;@/lib/redis","","AST/source inventory only; see domain reports for review coverage"
"app/api/notify/route.ts","API route","195","false","0","0","15","0","0","","@/lib/notification-client;next/server;@/lib/redis;@/lib/types;@/lib/env-config","","AST/source inventory only; see domain reports for review coverage"
"app/api/og/mint/route.tsx","API route","286","false","0","0","0","0","0","","node:fs/promises;node:path;next/og;@/lib/constants","","AST/source inventory only; see domain reports for review coverage"
"app/api/rpc/route.ts","API route","649","false","0","0","0","0","0","","next/server;@/lib/base-rpc;@/lib/base-rpc-policy;@/lib/chat-auth;@/lib/env-config;@/lib/quest-reward-storage;@/lib/redis","smoke/production-fixes-smoke.ts;smoke/rpc-access-hardening-smoke.ts","AST/source inventory only; see domain reports for review coverage"
"app/api/secret-garden/progress/route.ts","API route","104","false","0","0","0","0","0","","next/server;next/headers;@/lib/secret-garden;@/lib/theme-utils","","AST/source inventory only; see domain reports for review coverage"
"app/api/secret-garden/validate/route.ts","API route","49","false","0","0","0","0","0","","next/server;next/headers;@/lib/secret-garden","","AST/source inventory only; see domain reports for review coverage"
"app/api/seed-volume/route.ts","API route","20","false","0","0","0","0","0","","@/lib/seed-market;next/server","","AST/source inventory only; see domain reports for review coverage"
"app/api/share/create/route.ts","API route","111","false","0","0","3","0","0","","next/server;@/lib/request-rate-limit;@/lib/redis;@/lib/types;nanoid;viem","","AST/source inventory only; see domain reports for review coverage"
"app/api/spin/commit-state/route.ts","API route","120","false","0","0","4","0","0","","next/server;@/lib/base-rpc;@/lib/redis;viem","smoke/spin-pending-storage-smoke.ts","AST/source inventory only; see domain reports for review coverage"
"app/api/staking/balance/route.ts","API route","43","false","0","0","0","0","0","","next/server;@/lib/contracts","","AST/source inventory only; see domain reports for review coverage"
"app/api/staking/info/route.ts","API route","56","false","0","0","0","0","0","","next/server;@/lib/contracts","","AST/source inventory only; see domain reports for review coverage"
"app/api/status/checks/route.ts","API route","42","false","0","0","0","0","0","","next/server;@/lib/status-checks;@/lib/notifications/cron-auth;@/lib/status-snapshot","smoke/status-cron-observability-smoke.ts;smoke/status-snapshot-safety-smoke.ts","AST/source inventory only; see domain reports for review coverage"
"app/api/swap/build-step/route.ts","API route","119","false","0","0","0","0","0","","next/server;zod;viem;@/lib/swap/engine;@/lib/swap/constants;@/lib/swap/quote-token;@/lib/request-rate-limit;@/lib/swap/api-errors","","AST/source inventory only; see domain reports for review coverage"
"app/api/swap/quote/route.ts","API route","112","false","0","0","0","0","0","","next/server;zod;viem;@/lib/swap/engine;@/lib/swap/constants;@/lib/swap/quote-token;@/lib/request-rate-limit;@/lib/swap/api-errors","","AST/source inventory only; see domain reports for review coverage"
"app/api/verify/check/route.ts","API route","277","false","0","0","1","0","0","","next/server;@/lib/redis;@/lib/trait-validator;@/lib/verify-claim-records;@/lib/verify-claim-principal;@/lib/request-rate-limit","smoke/verify-claim-state-smoke.ts","AST/source inventory only; see domain reports for review coverage"
"app/api/verify/claim/route.ts","API route","608","false","0","0","2","0","0","","@coinbase/cdp-sdk;next/server;viem;@/lib/base-rpc;@/lib/contracts;@/lib/verify-claim-config;@/lib/verify-claim-records","smoke/verify-claim-state-smoke.ts","AST/source inventory only; see domain reports for review coverage"
"app/api/verify/status/route.ts","API route","149","false","0","0","1","0","0","","next/server;viem;@/lib/base-rpc;@/lib/contracts;@/lib/verify-claim-config;@/lib/verify-claim-records","smoke/verify-claim-state-smoke.ts","AST/source inventory only; see domain reports for review coverage"
"app/api/version/route.ts","API route","25","false","0","0","0","0","0","","next/server;@/package.json;@/lib/env-config","","AST/source inventory only; see domain reports for review coverage"
"app/api/webhook/route.ts","API route","114","false","0","0","4","0","0","","next/server;@/lib/notification;crypto;@/lib/env-config;@farcaster/miniapp-node","smoke/framework-hardening-smoke.ts","AST/source inventory only; see domain reports for review coverage"
"app/core-providers.tsx","app infrastructure","23","true","0","0","0","0","0","","react;@/components/theme-initializer;@/components/server-theme-provider;@/components/ui/app-toaster","","AST/source inventory only; see domain reports for review coverage"
"app/error.tsx","route/UI entry","83","true","0","1","0","0","0","","react;@/components/ui/button;@/components/ui/card;next/image;@vercel/analytics","","AST/source inventory only; see domain reports for review coverage"
"app/fonts.ts","app infrastructure","58","false","0","0","0","0","0","","next/font/local","","AST/source inventory only; see domain reports for review coverage"
"app/global-error.tsx","route/UI entry","94","true","0","1","0","0","0","","react;@/components/ui/button;@/components/ui/card;next/image;@vercel/analytics;./globals.css;./fonts","","AST/source inventory only; see domain reports for review coverage"
"app/globals.css","app infrastructure","1924","false","0","0","0","0","0","","tailwindcss","","AST/source inventory only; see domain reports for review coverage"
"app/join/route.ts","app infrastructure","7","false","0","0","0","0","0","","next/server;@/lib/pixotchi-links","","AST/source inventory only; see domain reports for review coverage"
"app/layout.tsx","route/UI entry","213","false","0","0","0","0","0","","next;./ock-compat.css;./globals.css;@vercel/analytics/next;./fonts;@/lib/theme-utils","smoke/framework-hardening-smoke.ts","AST/source inventory only; see domain reports for review coverage"
"app/not-found.tsx","route/UI entry","41","false","0","0","0","0","0","","next/image;next/link;@/components/ui/button","","AST/source inventory only; see domain reports for review coverage"
"app/ock-compat.css","app infrastructure","26","false","0","0","0","0","0","","","","AST/source inventory only; see domain reports for review coverage"
"app/providers.tsx","app infrastructure","835","true","16","12","6","0","2","","react;wagmi/chains;@/lib/paymaster-context;@/lib/eth-mode-context;@/lib/smart-wallet-context;@tanstack/react-query;@privy-io/react-auth;wagmi;@privy-io/wagmi;@/lib/frame-context;@/lib/host-environment;next/dynamic;@/lib/balance-context;@/components/owner-resource-query-sync;@/components/theme-initializer;@/components/server-theme-provider;@/components/ui/error-boundary;@/components/secret-garden-listener;@/lib/snow-context;@/lib/ambient-audio-context;@/lib/session-storage-manager;@/components/solana/SolanaWalletProvider;@/lib/solana-constants;@/components/chat/chat-context;@/components/ui/app-toaster;@/components/ui/performance-mode;@/components/ui/scroll-fade-controller;@/components/tutorial/SlideshowProvider;@/components/staking/staking-provider;@/lib/app-events;@/components/ui/button;@/components/ui/dialog;@/lib/auth-surface;@/lib/confirmed-miniapp-session","smoke/miniapp-ready-smoke.ts;smoke/owner-resource-races-smoke.ts;smoke/production-fixes-smoke.ts;smoke/provider-bundle-structure-smoke.ts","AST/source inventory only; see domain reports for review coverage"
"app/qa/frontend/action-fixtures.tsx","QA fixture","60","true","6","0","0","1","1","","react;react-hot-toast;@/components/ui/app-toaster;@/components/land-resource-badges;@/components/first-care-guide;@/lib/first-care-progress;@/components/ui/button;@/components/ui/amount-field;@/components/ui/dialog","","AST/source inventory only; see domain reports for review coverage"
"app/qa/frontend/controller-data.ts","QA fixture","19","false","0","0","0","0","0","","@/lib/barracks-state;@/lib/swap/types","smoke/frontend-boundaries-smoke.ts","AST/source inventory only; see domain reports for review coverage"
"app/qa/frontend/controller-fixtures.tsx","QA fixture","95","true","9","0","0","0","0","","react;@tanstack/react-query;@/hooks/useSwapQuote;@/hooks/useBarracksSnapshot;@/hooks/useApiLeaderboards;@/components/ui/amount-field;@/components/ui/resource-state;@/components/ui/button;./controller-data","","AST/source inventory only; see domain reports for review coverage"
"app/qa/frontend/dense-surface-fixtures.tsx","QA fixture","51","true","2","0","0","0","0","","react;@/components/building-details/barracks-report;@/components/chat/chat-message-bubble;@/components/arcade/arcade-stat-line;@/components/ranking-columns;@/components/ranking-plant-summary;@/components/ui/resource-state;@/components/ui/button;@/lib/types","","AST/source inventory only; see domain reports for review coverage"
"app/qa/frontend/dialog-layout-fixtures.tsx","QA fixture","57","true","8","0","0","2","1","","react;@/components/ui/button;@/components/ui/dialog;@/components/ui/amount-field;@/components/ui/token-amount;@/components/transactions/roulette-bet-list;@/components/transactions/game-dialog-heading;@/components/ui/asset-multi-select;@/components/ui/approval-state;@/components/building-details/production-summary","","AST/source inventory only; see domain reports for review coverage"
"app/qa/frontend/frontend-fixtures.tsx","QA fixture","128","true","17","1","0","3","2","","react;@/components/ui/button;@/components/ui/amount-field;@/components/ui/card;@/components/ui/resource-state;@/components/ui/dialog;@/components/ui/dropdown-menu;@/components/plant-care-catalog;@/components/plant-care-layout;@/components/quantity-selector;@/components/building-details/quest-difficulty-selector;@/components/transactions/roulette-betting-table;@/components/transactions/marketplace-order-summary;@/components/chat/chat-composer;@/components/transactions/transaction-feedback-card;@/lib/transaction-feedback;@/lib/types;./action-fixtures;./quest-query-fixtures;./dialog-layout-fixtures;./dense-surface-fixtures;./ranking-query-fixtures;./controller-fixtures;./plant-attack-fixtures;./seed-purchase-quote-fixtures","","AST/source inventory only; see domain reports for review coverage"
"app/qa/frontend/page.tsx","QA fixture","11","false","0","0","0","0","0","","next/navigation;./frontend-fixtures","","AST/source inventory only; see domain reports for review coverage"
"app/qa/frontend/plant-attack-fixtures.tsx","QA fixture","35","true","3","0","0","1","0","","react;@/components/plant-attack-empty-state;@/hooks/useDeadlineClock;@/lib/plant-attack","","AST/source inventory only; see domain reports for review coverage"
"app/qa/frontend/quest-query-fixtures.tsx","QA fixture","51","true","5","0","0","0","0","","react;@tanstack/react-query;@/hooks/useLandQuestSlots;@/components/ui/button;@/lib/quest-slots","","AST/source inventory only; see domain reports for review coverage"
"app/qa/frontend/ranking-query-fixtures.tsx","QA fixture","46","true","3","0","0","0","0","","react;@tanstack/react-query;@/hooks/useLandLeaderboard;@/lib/land-ranking;@/components/ui/resource-state;@/components/ui/button;@/lib/spin-read-state","","AST/source inventory only; see domain reports for review coverage"
"app/qa/frontend/seed-purchase-quote-fixtures.tsx","QA fixture","47","true","4","0","0","0","0","","react;@tanstack/react-query;@/components/ui/button;@/hooks/useSeedPurchaseQuote;@/lib/swap/seed-purchase-quote","","AST/source inventory only; see domain reports for review coverage"
"app/share/m/[id]/error.tsx","route/UI entry","18","true","0","0","0","0","0","","@/components/ui/button","","AST/source inventory only; see domain reports for review coverage"
"app/share/m/[id]/loading.tsx","route/UI entry","14","false","0","0","0","0","0","","","","AST/source inventory only; see domain reports for review coverage"
"app/share/m/[id]/page.tsx","route/UI entry","174","false","0","0","0","0","0","","@/lib/redis;@/lib/types;@/components/ui/button;next;next/image;next/navigation;react","","AST/source inventory only; see domain reports for review coverage"
"app/sitemap.ts","app infrastructure","19","false","0","0","0","0","0","","next","","AST/source inventory only; see domain reports for review coverage"
"app/status/layout.tsx","route/UI entry","7","false","0","0","0","0","0","","react;../core-providers","","AST/source inventory only; see domain reports for review coverage"
"app/status/loading.tsx","route/UI entry","16","false","0","0","0","0","0","","","","AST/source inventory only; see domain reports for review coverage"
"app/status/page.tsx","route/UI entry","38","false","0","0","0","0","0","","next;@/lib/env-config;@/lib/status-checks;@/lib/status-snapshot;@/components/status/StatusPageClient","smoke/status-snapshot-safety-smoke.ts","AST/source inventory only; see domain reports for review coverage"
"components/activity/activity-filter-bar.tsx","component","80","true","0","0","0","0","0","","@/components/ui/toggle-group;@/lib/activity-filters;@/lib/utils","","AST/source inventory only; see domain reports for review coverage"
"components/activity/event-renderers.tsx","component","634","true","0","0","1","0","0","","@/hooks/useTokenMetadata;@/lib/activity-filters;@/lib/types;@/lib/constants;@/lib/types;@/lib/utils;date-fns;lucide-react;next/image;react","","AST/source inventory only; see domain reports for review coverage"
"components/activity/index.ts","component","3","false","0","0","0","0","0","","","","AST/source inventory only; see domain reports for review coverage"
"components/ai-elements/message.tsx","component","40","true","0","0","0","0","0","","@streamdown/cjk;@streamdown/code;@streamdown/math;@streamdown/mermaid;react;streamdown;@/lib/utils","","AST/source inventory only; see domain reports for review coverage"
"components/airdrop-claim-card.tsx","component","466","true","7","3","2","0","0","","react;@/components/ui/button;wagmi;@/components/ui/button;lucide-react;react-hot-toast;next/image;@/components/ui/pixel-container;@/lib/airdrop-claim-polling;@/lib/owner-resource-invalidation;@/lib/token-display","smoke/airdrop-pending-poll-smoke.ts","AST/source inventory only; see domain reports for review coverage"
"components/app-update-banner.tsx","component","145","true","2","1","0","0","0","","react;lucide-react;@/components/ui/button;@/components/ui/refresh-icon;@/lib/env-config","","AST/source inventory only; see domain reports for review coverage"
"components/arcade/arcade-stat-line.tsx","component","33","false","0","0","0","0","0","","react;@/lib/utils","","AST/source inventory only; see domain reports for review coverage"
"components/arcade/ArcadeDialog.tsx","component","1676","true","25","15","0","0","2","","@/components/ui/resource-value;@/components/ui/resource-state;@/lib/spin-metadata;@/lib/contract-value;@/lib/spin-read-state;./arcade-stat-line;@/components/solana;@/components/transactions/box-game-transaction;@/components/transactions/spin-game-transaction;@/components/transactions/transaction-kit;@/components/ui/button;@/components/ui/dialog;@/components/ui/premium;@/components/ui/toggle-group;@/lib/base-rpc;@/lib/contracts;@/lib/owner-resource-invalidation;@/lib/spin-game-events;@/lib/spin-pending-storage;@/lib/types;@/lib/utils;next/image;react;react-hot-toast;viem;wagmi","smoke/production-fixes-smoke.ts;smoke/spin-pending-storage-smoke.ts","AST/source inventory only; see domain reports for review coverage"
"components/auth/surface-switch-buttons.tsx","component","121","true","2","0","0","0","0","","react;@base-org/account-ui/react;next/image;next-themes;react-hot-toast;lucide-react;@/components/ui/button;@/lib/auth-surface;@/lib/solana-auth-availability","","AST/source inventory only; see domain reports for review coverage"
"components/balance-card.tsx","component","456","true","2","3","0","0","0","","@/components/solana;@/components/ui/button;@/components/ui/card;@/components/ui/refresh-icon;@/components/ui/skeleton;@/lib/balance-context;@/lib/contracts;@/lib/solana-bridge-executor;@/lib/utils;@/lib/token-display;next/image;react;wagmi;./ui/pixel-container","smoke/balance-consumers-read-state-smoke.ts;smoke/owner-resource-races-smoke.ts","AST/source inventory only; see domain reports for review coverage"
"components/broadcast-message-modal.tsx","component","181","true","1","2","0","0","1","","react;@/components/ui/dialog;@/components/ui/button;@/components/ui/alert;lucide-react;@/lib/broadcast-service;@/lib/open-external","","AST/source inventory only; see domain reports for review coverage"
"components/building-details/barracks-battle-table.tsx","component","30","false","0","0","0","0","0","","next/image","","AST/source inventory only; see domain reports for review coverage"
"components/building-details/barracks-report.tsx","component","103","false","0","0","0","0","0","","@/lib/types;@/lib/barracks-view;./barracks-battle-table;@/components/ui/resource-state","","AST/source inventory only; see domain reports for review coverage"
"components/building-details/BarracksPanelV2.tsx","component","1024","true","17","5","0","0","0","","@/components/ui/resource-value;@/hooks/useBarracksSnapshot;react;next/image;wagmi;lucide-react;@/components/ui/button;@/components/ui/amount-field;@/components/ui/resource-state;@/components/ui/dropdown-menu;@/components/ui/toggle-group;@/components/ui/premium;@/components/transactions/approve-transaction;@/components/transactions/disabled-transaction;@/components/transactions/game-transaction;@/hooks/useTokenMetadata;@/hooks/useTokenSymbol;@/lib/contracts;@/lib/env-config;@/lib/transaction-refresh;@/lib/types;@/lib/utils;./barracks-report;./barracks-battle-table;@/lib/barracks-view;react-hot-toast","smoke/owner-resource-races-smoke.ts","AST/source inventory only; see domain reports for review coverage"
"components/building-details/CasinoPanel.tsx","component","730","true","18","2","0","0","0","","@/components/ui/resource-value;react;next/image;@/components/ui/button;@/components/ui/dropdown-menu;lucide-react;@/lib/contracts;@/lib/utils;@/components/transactions/game-transaction;@/components/transactions/approve-transaction;@/components/transactions/disabled-transaction;@/components/transactions/CasinoDialog;@/components/transactions/BlackjackDialog;@/components/transactions/BaccaratDialog;@/components/ui/premium;react-hot-toast;wagmi;@/hooks/useTokenMetadata;@/hooks/useTokenSymbol;@/lib/casino-client","smoke/owner-resource-races-smoke.ts","AST/source inventory only; see domain reports for review coverage"
"components/building-details/FarmerHousePanel.tsx","component","286","true","2","1","2","0","0","","@/components/transactions/game-transaction;@/hooks/useLandQuestSlots;@/components/ui/progress-bar;./quest-difficulty-selector;@/hooks/useQuestRewardsAvailability;@/lib/contracts;@/lib/quest-slots;@/lib/mission-tracking;@/lib/tab-visibility-context;@/lib/transaction-utils;@/public/abi/pixotchi-v3-abi;react;react-hot-toast;@/components/ui/button;@/lib/quest-ui;wagmi","smoke/batch-quest-smoke.ts;smoke/owner-resource-races-smoke.ts;smoke/production-fixes-smoke.ts;smoke/quest-ui-smoke.ts","AST/source inventory only; see domain reports for review coverage"
"components/building-details/MarketplacePanel.tsx","component","28","true","1","0","0","0","0","","react;@/components/ui/button;@/components/transactions/marketplace-dialog","","AST/source inventory only; see domain reports for review coverage"
"components/building-details/production-summary.tsx","component","26","false","0","0","0","0","0","","@/lib/types;@/lib/duration-display;@/components/ui/token-amount;@/components/ui/resource-value;@/lib/land-production","","AST/source inventory only; see domain reports for review coverage"
"components/building-details/ProductionPanel.tsx","component","57","true","0","0","2","0","0","","react;./production-summary;wagmi;@/lib/types;@/lib/utils;@/components/transactions/building-claim-transaction;react-hot-toast;@/lib/transaction-utils;@/lib/mission-tracking","","AST/source inventory only; see domain reports for review coverage"
"components/building-details/quest-difficulty-selector.tsx","component","36","true","0","0","0","0","0","","lucide-react;@/components/ui/toggle-group","","AST/source inventory only; see domain reports for review coverage"
"components/building-details/StakeHousePanel.tsx","component","29","true","0","0","0","0","0","","react;@/components/ui/button;@/lib/app-events","","AST/source inventory only; see domain reports for review coverage"
"components/building-details/UpgradePanel.tsx","component","220","true","0","0","0","0","0","","react;@/components/ui/resource-value;@/lib/types;@/lib/utils;@/components/transactions/building-upgrade-transaction;@/components/transactions/building-speedup-transaction;@/components/transactions/disabled-transaction;@/components/transactions/leaf-approve-transaction;react-hot-toast;@/components/ui/premium;@/components/ui/button;@/components/ui/progress-bar;@/lib/balance-context;@/components/transactions/approve-transaction;@/lib/contracts;@/lib/transaction-refresh","smoke/balance-consumers-read-state-smoke.ts;smoke/building-info-smoke.ts;smoke/purchase-state-smoke.ts","AST/source inventory only; see domain reports for review coverage"
"components/building-details/WarehousePanel.tsx","component","274","true","7","1","4","0","0","","@/components/countdown-timer;@/components/PlantImage;@/components/transactions/warehouse-apply-transaction;@/components/ui/button;@/components/ui/dropdown-menu;@/components/ui/amount-field;@/components/ui/resource-state;@/components/ui/resource-value;@/lib/contracts;@/lib/mission-tracking;@/lib/transaction-utils;@/lib/types;@/lib/utils;lucide-react;react;react-hot-toast;wagmi","smoke/owner-resource-races-smoke.ts","AST/source inventory only; see domain reports for review coverage"
"components/building-details-panel.tsx","component","243","true","1","0","0","0","0","","react;@/lib/types;@/lib/env-config;@/lib/utils;@/components/ui/button;@/components/ui/card;next/image;lucide-react;./building-info-dialog;./building-details/UpgradePanel;./building-details/ProductionPanel;./building-details/WarehousePanel;./building-details/FarmerHousePanel;./building-details/MarketplacePanel;./building-details/StakeHousePanel;./building-details/CasinoPanel;./building-details/BarracksPanelV2","smoke/building-info-smoke.ts","AST/source inventory only; see domain reports for review coverage"
"components/building-grid.tsx","component","169","true","0","0","0","0","0","","@/components/ui/empty-state;lucide-react;@/lib/env-config;@/lib/types;@/lib/utils;next/image;react","","AST/source inventory only; see domain reports for review coverage"
"components/building-info-dialog.tsx","component","626","true","4","1","0","0","1","","@/lib/land-production;@/components/ui/resource-value;react;next/image;@/components/ui/dialog;@/lib/types;@/lib/utils;@/components/ui/toggle-group;@/lib/contracts","smoke/building-info-smoke.ts;smoke/land-production-smoke.ts","AST/source inventory only; see domain reports for review coverage"
"components/chat/ai-chat-engine.tsx","component","83","true","0","4","0","0","0","","@ai-sdk/react;ai;react;./ai-message-utils","","AST/source inventory only; see domain reports for review coverage"
"components/chat/ai-message-utils.ts","component","107","false","0","0","0","0","0","","ai;@/lib/types","","AST/source inventory only; see domain reports for review coverage"
"components/chat/ai-typing-indicator.tsx","component","20","true","0","0","0","0","0","","lucide-react","","AST/source inventory only; see domain reports for review coverage"
"components/chat/chat-button.tsx","component","111","true","2","1","0","0","0","","react;@/components/ui/button;wagmi;next/image;next/dynamic;@/components/solana;./chat-context","","AST/source inventory only; see domain reports for review coverage"
"components/chat/chat-composer.tsx","component","106","true","0","0","0","0","0","","react;@/components/ui/button;@/components/ui/textarea;lucide-react;@/lib/types","","AST/source inventory only; see domain reports for review coverage"
"components/chat/chat-context.tsx","component","1676","true","22","21","0","0","0","99","@/lib/chat-history;@/lib/transaction-utils;react;next/dynamic;@privy-io/react-auth;react-hot-toast;wagmi;@/lib/frame-context;@/lib/chat-auth-client;@/lib/base-chat-session-refresh;@/lib/public-chat-session-refresh;@/lib/confirmed-miniapp-session;@/lib/farcaster-miniapp-auth-client;@/lib/chat-preferences;@/lib/auth-surface;@/lib/session-storage-manager;@/lib/types;@/components/solana;./ai-message-utils","smoke/auth-session-mission-hardening-smoke.ts;smoke/mission-auth-recovery-smoke.ts;smoke/provider-bundle-structure-smoke.ts","AST/source inventory only; see domain reports for review coverage"
"components/chat/chat-dialog.tsx","component","141","true","1","1","0","0","1","","react;wagmi;@/components/ui/dialog;@/hooks/useMediaQuery;./chat-context;./chat-messages;./chat-input;./ai-typing-indicator;@/components/ui/toggle-group;next/image;@/lib/types","","AST/source inventory only; see domain reports for review coverage"
"components/chat/chat-input.tsx","component","30","true","0","0","0","0","0","","./chat-composer;./chat-context;@/lib/types","","AST/source inventory only; see domain reports for review coverage"
"components/chat/chat-message-bubble.tsx","component","114","true","0","0","0","0","0","","lucide-react;next/dynamic;@/components/ui/button;@/lib/utils","","AST/source inventory only; see domain reports for review coverage"
"components/chat/chat-message.tsx","component","109","true","0","0","0","0","0","","react;@/lib/types;date-fns;wagmi;@/components/hooks/usePrimaryName;@/lib/utils;@/lib/mission-tracking;./chat-message-bubble","","AST/source inventory only; see domain reports for review coverage"
"components/chat/chat-messages.tsx","component","243","true","4","2","0","0","0","","react;./chat-message;./chat-profile-dialog;./chat-context;@/components/ui/loading;@/components/ui/button;@/components/ui/refresh-icon;next/image;@/lib/types","","AST/source inventory only; see domain reports for review coverage"
"components/chat/chat-profile-dialog.tsx","component","131","true","4","1","0","0","0","","react;@/components/efp-transaction-boundary;@/components/plant-profile-dialog;@/lib/types;@/lib/contracts","","AST/source inventory only; see domain reports for review coverage"
"components/chat/index.ts","component","11","false","0","0","0","0","0","","","","AST/source inventory only; see domain reports for review coverage"
"components/countdown-timer.tsx","component","32","true","0","0","0","0","0","","@/hooks/useCountdown;next/image","","AST/source inventory only; see domain reports for review coverage"
"components/edit-land-name.tsx","component","153","true","3","2","1","0","1","","react;wagmi;@/components/ui/button;@/components/ui/input;@/components/ui/dialog;react-hot-toast;next/image;@/lib/types;@/components/transactions/land-name-transaction;@/lib/asset-name-rules","","AST/source inventory only; see domain reports for review coverage"
"components/edit-plant-name.tsx","component","446","true","8","5","1","0","1","","@/components/solana;@/components/transactions/approval-action-transaction;@/components/transactions/solana-bridge-button;@/components/transactions/swap-plant-name-bundle;@/components/ui/button;@/components/ui/dialog;@/components/ui/input;@/components/ui/premium;@/lib/asset-name-rules;@/lib/balance-context;@/lib/contracts;@/lib/eth-mode-context;@/lib/smart-wallet-context;@/lib/types;@/lib/utils;@/lib/token-display;next/image;react;react-hot-toast;wagmi","smoke/balance-consumers-read-state-smoke.ts;smoke/purchase-state-smoke.ts","AST/source inventory only; see domain reports for review coverage"
"components/efp-transaction-boundary.tsx","component","837","true","5","9","0","0","1","","react;ethereum-identity-kit;lucide-react;react-hot-toast;viem;wagmi;ethereum-identity-kit/css;@/components/transactions/transaction-kit;@/components/transactions/global-transaction-toast;@/components/ui/button;@/components/ui/dialog;@/lib/base-rpc;@/lib/builder-code;@/lib/efp-transaction-workflow;@/lib/pending-evm-transaction;@/lib/rpc-transport;@/lib/transaction-utils","smoke/efp-transaction-hardening-smoke.ts","AST/source inventory only; see domain reports for review coverage"
"components/fence-timer.tsx","component","36","true","0","0","0","0","0","","next/image;@/hooks/useCountdown","","AST/source inventory only; see domain reports for review coverage"
"components/first-care-guide.tsx","component","23","true","0","0","0","0","0","","next/link;@/lib/app-events;./ui/button;react;@/lib/first-care-progress","","AST/source inventory only; see domain reports for review coverage"
"components/hooks/createBatchedAddressResolver.ts","component","156","true","0","0","0","0","0","","","","AST/source inventory only; see domain reports for review coverage"
"components/hooks/useEnsAvatar.ts","component","92","true","1","1","0","0","0","","react;viem;./createBatchedAddressResolver","","AST/source inventory only; see domain reports for review coverage"
"components/hooks/usePrimaryName.ts","component","86","true","1","1","0","0","0","","react;viem;./createBatchedAddressResolver","","AST/source inventory only; see domain reports for review coverage"
"components/item-details-panel.tsx","component","835","true","6","5","11","0","0","","@/components/solana;@/components/transactions/approval-action-transaction;@/components/transactions/bundle-buy-transaction;@/components/transactions/buy-item-transaction;@/components/transactions/disabled-transaction;@/components/transactions/solana-bridge-button;@/components/transactions/game-transaction;@/components/transactions/swap-buy-item-bundle;@/components/transactions/swap-fence-purchase-bundle;@/components/ui/card;@/components/ui/input;@/components/ui/premium;@/components/ui/skeleton;@/components/ui/resource-value;@/lib/contracts;@/lib/contracts;@/hooks/useSeedPurchaseQuote;@/lib/balance-context;@/components/ui/button;@/components/quantity-selector;@/lib/eth-mode-context;@/lib/mission-tracking;@/lib/smart-wallet-context;@/lib/solana-quote;@/lib/transaction-utils;@/lib/types;@/lib/utils;@/lib/token-display;react;react-hot-toast;wagmi","smoke/production-fixes-smoke.ts;smoke/purchase-state-smoke.ts","AST/source inventory only; see domain reports for review coverage"
"components/land-resource-badges.tsx","component","28","false","0","0","0","0","0","","next/image;@/lib/types;@/lib/duration-display;@/components/ui/token-amount","","AST/source inventory only; see domain reports for review coverage"
"components/LandImage.tsx","component","95","true","0","0","0","0","0","","@/lib/types;@/lib/utils;react;react-dom","","AST/source inventory only; see domain reports for review coverage"
"components/login-hero.tsx","component","58","false","0","0","0","0","0","","next/image","","AST/source inventory only; see domain reports for review coverage"
"components/map/land-map-canvas.tsx","component","587","true","2","5","1","0","0","","@/lib/land-utils;@/lib/types;react","","AST/source inventory only; see domain reports for review coverage"
"components/map/land-map-modal.tsx","component","502","true","10","4","0","0","1","","@/components/chat/chat-profile-dialog;@/lib/utils;@/components/hooks/usePrimaryName;@/components/ui/button;@/components/ui/dialog;@/components/ui/performance-mode;@/lib/contracts;@/lib/land-utils;@/lib/types;lucide-react;next/image;react;./land-map-canvas","","AST/source inventory only; see domain reports for review coverage"
"components/mint-share-modal.tsx","component","344","true","4","2","0","1","1","","@/components/ui/button;@/components/ui/dialog;@/lib/frame-context;@/lib/open-external;@/lib/types;@farcaster/miniapp-sdk;lucide-react;next/image;react;react-hot-toast","","AST/source inventory only; see domain reports for review coverage"
"components/owner-resource-query-sync.tsx","component","20","true","0","1","0","0","0","","react;@tanstack/react-query;@/lib/owner-resource-invalidation;@/lib/owner-resource-query-cache","","AST/source inventory only; see domain reports for review coverage"
"components/plant-attack-empty-state.tsx","component","36","true","0","0","0","0","0","","lucide-react;@/hooks/useCountdown;@/lib/plant-attack;@/components/ui/button;@/components/ui/empty-state;@/components/ui/resource-state","","AST/source inventory only; see domain reports for review coverage"
"components/plant-care-catalog.tsx","component","57","true","0","0","0","0","0","","next/image;./ui/button;@/lib/types;@/lib/constants;@/lib/utils","","AST/source inventory only; see domain reports for review coverage"
"components/plant-care-layout.tsx","component","30","true","1","0","0","0","1","","react;./ui/dialog","","AST/source inventory only; see domain reports for review coverage"
"components/plant-profile-dialog.tsx","component","676","true","1","2","0","0","1","","react;@/lib/clipboard;@/components/ui/dialog;@/components/ui/button;@/components/ui/skeleton;lucide-react;next/image;@/components/PlantImage;@/components/ui/resource-state;@/lib/user-stats-service;@/lib/contracts;@/lib/utils;@/lib/open-external;@/components/hooks/usePrimaryName;react-hot-toast;@/lib/types;@/lib/efp-service;wagmi;ethereum-identity-kit;ethereum-identity-kit/css;@tanstack/react-query;@/lib/mission-tracking;@/components/ui/wallet-avatar;@/lib/efp-transaction-workflow","smoke/efp-transaction-hardening-smoke.ts","AST/source inventory only; see domain reports for review coverage"
"components/PlantImage.tsx","component","167","true","3","0","0","0","0","","@/lib/types;@/lib/utils;next/image;react","","AST/source inventory only; see domain reports for review coverage"
"components/player-ranking-row.tsx","component","47","true","0","0","0","0","0","","next/image;react;./hooks/usePrimaryName;./ui/wallet-avatar;./ui/token-amount;@/lib/player-ranking;@/lib/format-address;@/lib/utils","","AST/source inventory only; see domain reports for review coverage"
"components/quantity-selector.tsx","component","66","true","0","0","0","0","0","","react;@/components/ui/button;lucide-react","","AST/source inventory only; see domain reports for review coverage"
"components/ranking-columns.tsx","component","37","false","0","0","0","0","0","","react;@/lib/ranking-pagination","","AST/source inventory only; see domain reports for review coverage"
"components/ranking-plant-summary.tsx","component","17","false","0","0","0","0","0","","next/image","","AST/source inventory only; see domain reports for review coverage"
"components/secret-garden-listener.tsx","component","79","true","2","1","0","0","0","","react;@/components/secret-garden-overlay","","AST/source inventory only; see domain reports for review coverage"
"components/secret-garden-overlay.tsx","component","536","true","5","11","0","0","0","","react;react-dom;@/components/ui/button;@/components/ui/performance-mode","","AST/source inventory only; see domain reports for review coverage"
"components/server-theme-provider.tsx","component","34","true","0","0","0","0","0","","next-themes","","AST/source inventory only; see domain reports for review coverage"
"components/solana/index.ts","component","23","false","0","0","0","0","0","","","","AST/source inventory only; see domain reports for review coverage"
"components/solana/PrivySolanaWalletIdentity.tsx","component","71","true","0","1","1","0","0","","react;@privy-io/react-auth;@privy-io/react-auth/solana;@/lib/solana-constants","smoke/owner-resource-races-smoke.ts;smoke/provider-bundle-structure-smoke.ts","AST/source inventory only; see domain reports for review coverage"
"components/solana/SolanaGate.tsx","component","58","true","0","0","0","0","0","","@/hooks/useSolanaWallet;@/components/ui/badge","","AST/source inventory only; see domain reports for review coverage"
"components/solana/SolanaWalletProvider.tsx","component","86","true","1","1","0","0","0","","react;next/dynamic;@/lib/solana-wallet-context;@/hooks/useAuthSurface;./PrivySolanaWalletIdentity","smoke/provider-bundle-structure-smoke.ts","AST/source inventory only; see domain reports for review coverage"
"components/staking/staking-dialog.tsx","component","648","true","12","2","5","0","1","","@/components/ui/resource-value;@/lib/amount-input;react;wagmi;@/components/ui/dialog;@/components/ui/alert;@/components/ui/button;@/components/ui/amount-field;@/components/ui/refresh-icon;@/lib/contracts;@/components/transactions/game-transaction;next/image;@/lib/utils;viem;@/components/ui/toggle-group;@/lib/transaction-utils;@/lib/mission-tracking;@/lib/app-events","smoke/auth-session-mission-hardening-smoke.ts","AST/source inventory only; see domain reports for review coverage"
"components/staking/staking-provider.tsx","component","30","true","2","1","0","0","0","8","react;next/dynamic;@/lib/app-events","","AST/source inventory only; see domain reports for review coverage"
"components/status/StatusBadge.tsx","component","27","true","0","0","0","0","0","","@/lib/status-checks;@/lib/utils;@/components/ui/premium","","AST/source inventory only; see domain reports for review coverage"
"components/status/StatusCard.tsx","component","97","true","0","0","0","0","0","","@/lib/status-checks;@/lib/utils;lucide-react;./StatusBadge","","AST/source inventory only; see domain reports for review coverage"
"components/status/StatusPageClient.tsx","component","167","true","2","2","1","0","0","","@/components/theme-selector;@/components/ui/alert;@/components/ui/button;@/lib/status-checks;lucide-react;next/image;react;./StatusCard","","AST/source inventory only; see domain reports for review coverage"
"components/status-bar.tsx","component","315","true","1","1","0","0","0","","react;next/image;./staking/staking-provider;./ui/skeleton;@/lib/balance-context;@/lib/token-display;wagmi;@/components/solana;@/lib/gamification-client;@/lib/app-events;./ui/button","smoke/balance-consumers-read-state-smoke.ts","AST/source inventory only; see domain reports for review coverage"
"components/swap-amount-layout.tsx","component","25","false","0","0","0","0","0","","react","","AST/source inventory only; see domain reports for review coverage"
"components/tabs/about-tab.tsx","component","298","true","3","0","2","0","1","","@/components/tutorial;@/components/ui/button;@/components/ui/card;@/components/ui/dialog;@/components/ui/loading;@/components/ui/textarea;@/lib/frame-context;@/lib/open-external;@/lib/smart-wallet-context;@/package.json;lucide-react;react;react-hot-toast;wagmi","smoke/production-fixes-smoke.ts","AST/source inventory only; see domain reports for review coverage"
"components/tabs/activity-tab.tsx","component","835","true","7","5","0","0","0","","react;wagmi;@/components/ui/button;@/components/ui/card;@/components/ui/loading;@/components/ui/pagination-footer;@/lib/tab-visibility-context;@/lib/activity-client;@/lib/activity-filters;@/lib/types;@/components/ui/alert;lucide-react;@/components/activity;@/components/ui/toggle-group;@/hooks/useItemCatalogs;@/components/solana;@/lib/frame-context;@/hooks/useWebQueryState;@/hooks/useMediaQuery;@/lib/utils","","AST/source inventory only; see domain reports for review coverage"
"components/tabs/dashboard-tab.tsx","component","76","true","1","0","0","0","0","","react;@/components/ui/toggle-group;@/components/ui/skeleton;@/components/ui/card;lucide-react;@/lib/farm-view-context;next/dynamic;./plants-view","smoke/production-fixes-smoke.ts","AST/source inventory only; see domain reports for review coverage"
"components/tabs/lands-view.tsx","component","1306","true","11","12","0","0","0","","@/components/ui/button;@/components/land-resource-badges;@/hooks/useLandQuestSlots;@/components/ui/resource-state;@tanstack/react-query;@/components/ui/empty-state;@/components/ui/card;@/components/ui/skeleton;@/components/ui/asset-carousel-button;@/components/ui/dropdown-menu;@/lib/contracts;@/lib/env-config;@/lib/owner-resource-invalidation;@/lib/query-keys;@/lib/types;@/lib/utils;next/dynamic;next/image;react;wagmi;@/components/building-grid;@/components/edit-land-name;@/components/solana;@/components/ui/toggle-group;@/hooks/useLandMap;@/hooks/useOwnerResourceList;lucide-react;../LandImage;@/lib/smart-wallet-context;@/lib/tab-visibility-context;@/hooks/useDocumentVisible;@/hooks/useMediaQuery","smoke/batch-quest-smoke.ts;smoke/production-fixes-smoke.ts","AST/source inventory only; see domain reports for review coverage"
"components/tabs/leaderboard-tab.tsx","component","1842","true","22","11","0","2","4","","@/lib/ranking-outcome;@/lib/transaction-lifecycle;@/lib/transaction-utils;@/components/transactions/transaction-kit;@/lib/contracts;@/hooks/useApiLeaderboards;@/components/player-ranking-row;@/components/ui/token-amount;@/lib/player-ranking;@/lib/ranking-response;@/hooks/useLandLeaderboard;@/lib/land-ranking;@/components/ui/resource-state;@/components/ranking-plant-summary;@/components/plant-attack-empty-state;@/hooks/useDeadlineClock;@/lib/plant-attack;@/components/ranking-columns;@/lib/ranking-pagination;@/components/ui/empty-state;@/components/ui/resource-value;@/components/efp-transaction-boundary;@/components/plant-profile-dialog;@/components/PlantImage;@/components/solana;@/components/transactions/attack-transaction;@/components/transactions/kill-transaction;@/components/transactions/revive-transaction;@/components/ui/alert;@/components/ui/button;@/components/ui/card;@/components/ui/dialog;@/components/ui/dropdown-menu;@/components/ui/loading;@/components/ui/pagination-footer;@/components/ui/premium;@/components/ui/toggle-group;@/components/ui/wallet-avatar;@/hooks/useWebQueryState;@/hooks/useMediaQuery;@/lib/base-rpc;@/lib/contracts;@/lib/env-config;@/lib/frame-context;@/lib/gamification-client;@/lib/mission-tracking;@/lib/tab-visibility-context;@/lib/types;@/lib/utils;lucide-react;next/image;react;next/dynamic;react-hot-toast;wagmi","smoke/production-fixes-smoke.ts","AST/source inventory only; see domain reports for review coverage"
"components/tabs/mint-tab.tsx","component","1385","true","24","7","1","0","0","","@/components/hooks/usePrimaryName;@/components/mint-share-modal;@/components/solana;@/components/transactions/solana-bridge-button;@/components/transactions/approval-action-transaction;@/components/transactions/disabled-transaction;@/components/transactions/mint-transaction;@/components/transactions/swap-land-mint-bundle;@/components/transactions/swap-mint-bundle;@/components/ui/dropdown-menu;@/components/ui/progress-bar;@/components/ui/premium;@/components/verify-claim;@/lib/token-display;@/lib/farm-view-context;@/lib/balance-context;@/lib/constants;@/lib/contracts;@/lib/env-config;@/lib/farcaster-miniapp-auth-client;@/lib/eth-mode-context;@/lib/frame-context;@/lib/smart-wallet-context;@/lib/tab-visibility-context;@/lib/types;@/lib/utils;lucide-react;next/image;react;react-hot-toast;wagmi;../transactions/land-mint-transaction;../ui/button;../ui/badge;../ui/card;../ui/skeleton","smoke/balance-mint-read-state-smoke.ts;smoke/production-fixes-smoke.ts;smoke/solana-bridge-flow-smoke.ts","AST/source inventory only; see domain reports for review coverage"
"components/tabs/pixotchi-swap-panel.strings.ts","component","46","false","0","0","0","0","0","","","","AST/source inventory only; see domain reports for review coverage"
"components/tabs/pixotchi-swap-panel.tsx","component","2042","true","10","5","0","1","0","","@/components/swap-amount-layout;@/hooks/useSwapQuote;@/lib/swap/response;@/lib/transaction-monitor;@/lib/wallet-batch-status;@/lib/swap/amount;react;next/image;react-hot-toast;lucide-react;viem;viem/chains;wagmi;@tanstack/react-query;@/lib/swap/gas;@/components/ui/dropdown-menu;@/components/ui/button;@/components/ui/premium;@/components/transactions/transaction-recovery-options;@/lib/swap/base-swap-abi;@/lib/swap/constants;@/lib/swap/rules;@/lib/swap/types;@/lib/paymaster-context;@/lib/smart-wallet-context;@/lib/tab-visibility-context;@/lib/base-rpc;@/lib/app-events;@/lib/builder-code;@/lib/mission-tracking;@/lib/transaction-utils;@/lib/pending-evm-transaction;@/lib/pending-evm-coordinator;@/lib/utils;@/lib/token-display;@/lib/env-config;./pixotchi-swap-panel.strings","smoke/app-ui-resilience-smoke.ts;smoke/production-fixes-smoke.ts","AST/source inventory only; see domain reports for review coverage"
"components/tabs/plants-view.tsx","component","885","true","12","1","0","0","1","","@/components/edit-plant-name;@/components/transactions/approval-action-transaction;@/components/transactions/claim-rewards-transaction;@tanstack/react-query;@/lib/query-keys;@/components/ui/skeleton;@/components/ui/empty-state;@/components/ui/resource-value;@/components/first-care-guide;@/lib/first-care-progress;@/components/plant-care-catalog;@/components/plant-care-layout;@/components/solana;@/components/ui/button;@/components/ui/card;@/components/ui/dialog;@/components/ui/dropdown-menu;@/components/ui/asset-carousel-button;@/components/ui/input;@/components/ui/loading;@/components/ui/pixel-container;@/components/ui/premium;@/hooks/useItemCatalogs;@/hooks/useOwnerResourceList;@/lib/contracts;@/lib/owner-resource-invalidation;@/lib/smart-wallet-context;@/lib/tab-visibility-context;@/lib/types;@/lib/utils;lucide-react;next/image;next/dynamic;react;react-hot-toast;wagmi;../PlantImage;../countdown-timer;../fence-timer","smoke/app-ui-resilience-smoke.ts;smoke/production-fixes-smoke.ts;smoke/purchase-state-smoke.ts","AST/source inventory only; see domain reports for review coverage"
"components/tabs/swap-tab.tsx","component","603","true","3","2","0","0","0","","@/components/ui/button;@/lib/open-external;@/components/ui/card;@/components/ui/error-boundary;@/components/ui/toggle-group;@/lib/app-events;@/lib/env-config;@/lib/frame-context;@/hooks/useMediaQuery;@/lib/pixotchi-token-info;@/lib/seed-market;@/lib/swap/constants;@/lib/tab-visibility-context;@farcaster/miniapp-sdk;lucide-react;next/image;react;react-hot-toast;viem;wagmi;./TradingViewWidget;./pixotchi-swap-panel","","AST/source inventory only; see domain reports for review coverage"
"components/tabs/TradingViewWidget.tsx","component","168","true","3","2","0","0","0","","react;next-themes;@/components/ui/button;@/components/ui/performance-mode","smoke/app-ui-resilience-smoke.ts","AST/source inventory only; see domain reports for review coverage"
"components/tasks/TasksInfoDialog.tsx","component","352","true","10","6","0","0","1","","react;@/components/ui/dialog;wagmi;next/image;@/lib/env-config;@/lib/gamification-client;@/lib/app-events;@/lib/gamification-types;@/lib/mission-tracking;lucide-react;@/components/ui/progress-bar","smoke/auth-session-mission-hardening-smoke.ts;smoke/production-fixes-smoke.ts","AST/source inventory only; see domain reports for review coverage"
"components/theme-initializer.tsx","component","45","true","0","1","0","0","0","","react;next-themes;@/lib/theme-utils","","AST/source inventory only; see domain reports for review coverage"
"components/theme-selector.tsx","component","269","true","1","1","0","0","0","","react;next-themes;lucide-react;@/components/ui/button;@/components/ui/dropdown-menu;@/lib/utils;@/lib/theme-utils;@/lib/snow-context;@/lib/ambient-audio-context;@/components/ui/performance-mode;react-hot-toast","","AST/source inventory only; see domain reports for review coverage"
"components/transactions/approval-action-transaction.tsx","component","149","true","1","2","3","0","0","","react;@/lib/contracts;@/lib/smart-wallet-context;@/lib/types;./smart-wallet-transaction;./game-transaction;./transaction-kit","smoke/production-fixes-smoke.ts","AST/source inventory only; see domain reports for review coverage"
"components/transactions/approve-transaction.tsx","component","69","true","0","0","2","0","0","","react;./game-transaction;@/lib/contracts","","AST/source inventory only; see domain reports for review coverage"
"components/transactions/attack-transaction.tsx","component","73","true","0","0","0","0","0","","./transaction-kit;react;./game-transaction;@/lib/contracts;./transaction-kit","","AST/source inventory only; see domain reports for review coverage"
"components/transactions/baccarat-transaction.tsx","component","281","true","0","0","7","0","0","","react;./game-transaction;@/lib/contracts;@/lib/base-rpc;@/public/abi/baccarat-abi;react-hot-toast;viem;./transaction-kit;@/lib/transaction-utils;wagmi;@/lib/mission-tracking","","AST/source inventory only; see domain reports for review coverage"
"components/transactions/BaccaratDialog.tsx","component","972","true","13","7","0","0","1","","./game-dialog-heading;@/components/transactions/transaction-kit;@/components/ui/button;@/components/ui/dialog;@/components/ui/amount-field;@/components/ui/PlayingCard;@/hooks/useTokenMetadata;@/lib/casino-bet-preferences;@/lib/casino-amount-input;@/lib/casino-client;@/lib/casino-pool-solvency;@/lib/casino-hardening-rules.mjs;@/lib/transaction-refresh;@/lib/contracts;@/lib/utils;@/public/abi/baccarat-abi;lucide-react;next/image;react;react-hot-toast;viem;wagmi;./approve-transaction;./baccarat-transaction","smoke/casino-pool-solvency-smoke.ts","AST/source inventory only; see domain reports for review coverage"
"components/transactions/batch-claim-card.tsx","component","476","true","6","2","2","0","0","","@/components/ui/card;@/components/ui/button;@/components/ui/resource-state;@/lib/balance-context;@/lib/contracts;@/lib/mission-tracking;@/lib/smart-wallet-context;@/lib/transaction-utils;@/lib/types;@/lib/utils;@/public/abi/pixotchi-v3-abi;lucide-react;next/image;react;react-hot-toast;viem;@/components/ui/token-amount;@/components/ui/resource-value;wagmi;./smart-wallet-transaction","smoke/balance-consumers-read-state-smoke.ts;smoke/production-fixes-smoke.ts","AST/source inventory only; see domain reports for review coverage"
"components/transactions/batch-quest-start-card.tsx","component","704","true","10","5","4","0","0","","@/components/ui/card;@/components/ui/resource-value;@/components/ui/toggle-group;@/hooks/useQuestRewardsAvailability;@/lib/balance-context;@/lib/contracts;@/lib/mission-tracking;@/lib/quest-preferences;@/lib/smart-wallet-context;@/lib/transaction-refresh;@/lib/transaction-utils;@/lib/types;@/lib/utils;lucide-react;react;react-hot-toast;viem;@/components/ui/token-amount;wagmi;./smart-wallet-transaction;./transaction-kit","smoke/batch-quest-smoke.ts;smoke/production-fixes-smoke.ts","AST/source inventory only; see domain reports for review coverage"
"components/transactions/blackjack-transaction.tsx","component","404","true","4","2","0","0","0","","@/lib/blackjack-events;@/lib/types;@/lib/transaction-utils;react;lucide-react;@/lib/paymaster-context;./transaction-kit;./transaction-kit;./global-transaction-toast;@/lib/contracts;@/lib/farcaster-miniapp-auth-client;@/public/abi/blackjack-abi;react-hot-toast;@/lib/transaction-utils;wagmi;@/lib/builder-code;@/lib/mission-tracking","smoke/production-fixes-smoke.ts","AST/source inventory only; see domain reports for review coverage"
"components/transactions/BlackjackDialog.tsx","component","1966","true","10","8","0","0","1","","@/lib/blackjack-events;./game-dialog-heading;@/components/ui/button;@/components/ui/dialog;@/components/ui/amount-field;@/components/ui/PlayingCard;@/lib/blackjack-cards;@/lib/blackjack-state;@/hooks/useTokenMetadata;@/lib/casino-bet-preferences;@/lib/casino-amount-input;@/lib/casino-client;@/lib/contracts;@/lib/utils;@/lib/token-display;@/lib/amount-input;@/public/abi/blackjack-abi;next/image;react;react-hot-toast;wagmi;./approve-transaction;./blackjack-transaction;./transaction-kit","smoke/production-fixes-smoke.ts","AST/source inventory only; see domain reports for review coverage"
"components/transactions/box-game-transaction.tsx","component","142","true","0","0","0","0","0","","@/lib/box-result;./transaction-kit;react;./game-transaction;@/lib/contracts;react-hot-toast;@/lib/utils;wagmi;@/lib/transaction-utils;@/lib/mission-tracking;./transaction-kit","","AST/source inventory only; see domain reports for review coverage"
"components/transactions/building-claim-transaction.tsx","component","50","true","0","0","2","0","0","","react;./game-transaction;@/public/abi/pixotchi-v3-abi;@/lib/contracts","","AST/source inventory only; see domain reports for review coverage"
"components/transactions/building-speedup-transaction.tsx","component","55","true","0","0","2","0","0","","@/lib/contracts;@/lib/types;@/public/abi/pixotchi-v3-abi;./game-transaction","","AST/source inventory only; see domain reports for review coverage"
"components/transactions/building-upgrade-transaction.tsx","component","58","true","0","0","1","0","0","","react;./game-transaction;@/lib/types;../../public/abi/pixotchi-v3-abi;@/lib/contracts","","AST/source inventory only; see domain reports for review coverage"
"components/transactions/bundle-buy-transaction.tsx","component","129","true","0","0","5","0","0","","react;./smart-wallet-transaction;wagmi;@/lib/types;@/lib/contracts;@/lib/transaction-utils;@/lib/mission-tracking","","AST/source inventory only; see domain reports for review coverage"
"components/transactions/buy-item-transaction.tsx","component","119","true","0","0","4","0","0","","react;./game-transaction;@/lib/contracts;./transaction-kit;@/lib/types","","AST/source inventory only; see domain reports for review coverage"
"components/transactions/casino-transaction.tsx","component","304","true","0","0","11","0","0","","react;./game-transaction;@/lib/contracts;@/lib/casino-hardening-rules.mjs;@/lib/base-rpc;@/public/abi/casino-abi;react-hot-toast;viem;./transaction-kit;@/lib/transaction-utils;wagmi;@/lib/mission-tracking","","AST/source inventory only; see domain reports for review coverage"
"components/transactions/CasinoDialog.tsx","component","1083","true","14","8","0","0","1","","./game-dialog-heading;./roulette-bet-list;@/components/transactions/transaction-kit;@/components/ui/EuropeanRouletteWheel;@/components/ui/button;@/components/ui/dialog;@/components/ui/amount-field;@/hooks/useTokenMetadata;@/lib/casino-bet-preferences;@/lib/casino-amount-input;@/lib/casino-client;@/lib/casino-pool-solvency;@/lib/transaction-refresh;@/lib/casino-hardening-rules.mjs;@/lib/contracts;@/lib/utils;viem;@/lib/token-display;@/public/abi/casino-abi;lucide-react;next/image;react;react-hot-toast;wagmi;./approve-transaction;./casino-transaction;./roulette-betting-table","smoke/casino-pool-solvency-smoke.ts;smoke/production-fixes-smoke.ts","AST/source inventory only; see domain reports for review coverage"
"components/transactions/claim-rewards-transaction.tsx","component","66","true","0","0","2","0","0","","react;@/lib/contracts;./game-transaction","smoke/production-fixes-smoke.ts","AST/source inventory only; see domain reports for review coverage"
"components/transactions/disabled-transaction.tsx","component","25","true","0","0","0","0","0","","react;@/lib/utils;@/components/ui/button","","AST/source inventory only; see domain reports for review coverage"
"components/transactions/game-dialog-heading.tsx","component","17","true","0","0","0","0","0","","lucide-react;@/components/ui/dialog","","AST/source inventory only; see domain reports for review coverage"
"components/transactions/game-transaction.tsx","component","223","true","1","0","0","0","0","","react;@vercel/analytics;wagmi;@/lib/builder-code;@/lib/farcaster-miniapp-auth-client;@/lib/owner-resource-invalidation;@/lib/paymaster-context;@/lib/transaction-utils;@/lib/types;./global-transaction-toast;./transaction-kit","smoke/production-fixes-smoke.ts","AST/source inventory only; see domain reports for review coverage"
"components/transactions/global-transaction-toast.tsx","component","30","true","0","0","0","0","0","","react;react-dom;@/components/ui/dialog-feedback-host;./transaction-kit;./transaction-feedback-card","","AST/source inventory only; see domain reports for review coverage"
"components/transactions/kill-transaction.tsx","component","94","true","0","0","0","0","0","","./transaction-kit;react;./game-transaction;@/lib/contracts;wagmi;@/lib/transaction-utils;@/lib/mission-tracking;./transaction-kit","","AST/source inventory only; see domain reports for review coverage"
"components/transactions/land-mint-transaction.tsx","component","11","false","0","0","0","0","0","","@/public/abi/pixotchi-v3-abi;@/lib/contracts;@/lib/types","","AST/source inventory only; see domain reports for review coverage"
"components/transactions/land-name-transaction.tsx","component","53","true","0","0","1","0","0","","react;./game-transaction;@/public/abi/pixotchi-v3-abi;@/lib/contracts","","AST/source inventory only; see domain reports for review coverage"
"components/transactions/leaf-approve-transaction.tsx","component","59","true","0","0","2","0","0","","react;./game-transaction;@/lib/contracts","","AST/source inventory only; see domain reports for review coverage"
"components/transactions/marketplace-dialog.tsx","component","894","true","28","4","0","1","1","","@/components/ui/resource-value;@/lib/amount-input;@/lib/marketplace-order;@/components/transactions/transaction-kit;./marketplace-order-summary;@/components/transactions/game-transaction;@/components/ui/button;@/components/ui/dialog;@/components/ui/amount-field;@/lib/token-display;@/lib/contracts;@/lib/mission-tracking;@/lib/app-events;@/lib/marketplace-price;@/lib/transaction-utils;@/lib/utils;@/public/abi/pixotchi-v3-abi;react;react-hot-toast;viem;wagmi","smoke/production-fixes-smoke.ts","AST/source inventory only; see domain reports for review coverage"
"components/transactions/marketplace-order-summary.tsx","component","20","false","0","0","0","0","0","","viem;@/components/ui/resource-value;@/lib/marketplace-price;@/lib/marketplace-order","","AST/source inventory only; see domain reports for review coverage"
"components/transactions/mint-transaction.tsx","component","20","false","0","0","0","0","0","","@/lib/contracts;@/lib/types","","AST/source inventory only; see domain reports for review coverage"
"components/transactions/plant-name-transaction.tsx","component","73","true","0","0","2","0","0","","react;@/lib/contracts;./game-transaction","smoke/production-fixes-smoke.ts","AST/source inventory only; see domain reports for review coverage"
"components/transactions/revive-transaction.tsx","component","66","true","0","0","0","0","0","","./transaction-kit;react;./game-transaction;@/lib/contracts","","AST/source inventory only; see domain reports for review coverage"
"components/transactions/roulette-bet-list.tsx","component","36","true","0","0","0","0","0","","lucide-react;next/image;@/components/ui/button","","AST/source inventory only; see domain reports for review coverage"
"components/transactions/roulette-betting-table.tsx","component","135","true","0","0","0","0","0","","@/public/abi/casino-abi;@/lib/roulette-bet-options;@/lib/utils","","AST/source inventory only; see domain reports for review coverage"
"components/transactions/smart-wallet-transaction.tsx","component","32","true","0","0","2","0","0","","./game-transaction;./transaction-kit;@/lib/types","smoke/production-fixes-smoke.ts","AST/source inventory only; see domain reports for review coverage"
"components/transactions/solana-bridge-button.tsx","component","782","true","5","7","1","0","0","","@/components/ui/button;@/hooks/useSolanaBridge;@/hooks/useSolanaWallet;@/lib/solana-bridge-lifecycle;@/lib/solana-bridge-flow;@/lib/solana-constants;@/lib/solana-bridge-executor;@/lib/owner-resource-invalidation;@privy-io/react-auth;@privy-io/react-auth/solana;bs58;lucide-react;react;react-hot-toast","smoke/owner-resource-races-smoke.ts;smoke/solana-bridge-flow-smoke.ts","AST/source inventory only; see domain reports for review coverage"
"components/transactions/spin-game-transaction.tsx","component","213","true","0","0","4","0","0","","react;./game-transaction;@/lib/contracts;react-hot-toast;./transaction-kit;@/lib/utils;wagmi;@/lib/transaction-utils;@/lib/spin-game-events;@/lib/mission-tracking","smoke/spin-pending-storage-smoke.ts","AST/source inventory only; see domain reports for review coverage"
"components/transactions/swap-buy-item-bundle.tsx","component","160","true","0","0","6","0","0","","react;wagmi;./smart-wallet-transaction;@/lib/contracts;@/lib/swap/bundle-calls;@/lib/types;@/lib/transaction-utils;@/lib/mission-tracking","","AST/source inventory only; see domain reports for review coverage"
"components/transactions/swap-fence-purchase-bundle.tsx","component","132","true","0","0","5","0","0","","react;wagmi;./smart-wallet-transaction;@/lib/contracts;@/lib/swap/bundle-calls;@/lib/transaction-utils;@/lib/mission-tracking","","AST/source inventory only; see domain reports for review coverage"
"components/transactions/swap-land-mint-bundle.tsx","component","86","true","0","0","2","0","0","","react;wagmi;./smart-wallet-transaction;@/lib/contracts;@/lib/swap/bundle-calls;@/public/abi/pixotchi-v3-abi","","AST/source inventory only; see domain reports for review coverage"
"components/transactions/swap-mint-bundle.tsx","component","97","true","0","0","2","0","0","","react;wagmi;./smart-wallet-transaction;@/lib/contracts;@/lib/swap/bundle-calls","","AST/source inventory only; see domain reports for review coverage"
"components/transactions/swap-plant-name-bundle.tsx","component","100","true","0","0","2","0","0","","react;wagmi;./smart-wallet-transaction;@/lib/contracts;@/lib/swap/bundle-calls","","AST/source inventory only; see domain reports for review coverage"
"components/transactions/transaction-feedback-card.tsx","component","88","true","0","0","0","0","0","","react;lucide-react;@/lib/transaction-feedback;@/lib/utils","smoke/production-fixes-smoke.ts","AST/source inventory only; see domain reports for review coverage"
"components/transactions/transaction-kit.tsx","component","2551","true","8","5","0","0","0","229","@/lib/transaction-monitor;@/lib/wallet-batch-status;@/lib/transaction-lifecycle;react;@vercel/analytics;viem;@/lib/open-external;viem/chains;wagmi;wagmi/experimental;@/lib/base-rpc;@/lib/owner-resource-invalidation;@/components/ui/button;@/lib/transaction-feedback;./transaction-feedback-card;./transaction-recovery-options;@/lib/pending-evm-transaction;@/lib/pending-evm-coordinator;@/lib/smart-wallet-context;@/lib/transaction-utils;@/lib/utils;@/lib/transaction-utils","smoke/owner-resource-races-smoke.ts;smoke/production-fixes-smoke.ts","AST/source inventory only; see domain reports for review coverage"
"components/transactions/transaction-recovery-options.tsx","component","43","true","0","0","0","0","0","","lucide-react;@/components/ui/button;@/lib/utils","","AST/source inventory only; see domain reports for review coverage"
"components/transactions/transfer-assets-dialog.tsx","component","1259","true","21","6","3","1","1","","@/components/ui/button;@/components/ui/dialog;@/components/ui/asset-multi-select;@/components/ui/approval-state;@/components/ui/input;@/components/ui/skeleton;@/components/transactions/global-transaction-toast;@/components/transactions/transaction-recovery-options;@/components/transactions/transaction-kit;@/hooks/useDebounce;@/lib/base-rpc;@/lib/contracts;@/lib/types;@/lib/owner-resource-invalidation;react;react-hot-toast;viem;viem/chains;wagmi","smoke/production-fixes-smoke.ts","AST/source inventory only; see domain reports for review coverage"
"components/transactions/warehouse-apply-transaction.tsx","component","89","true","0","0","2","0","0","","react;./game-transaction;@/public/abi/pixotchi-v3-abi;@/lib/contracts","smoke/purchase-state-smoke.ts","AST/source inventory only; see domain reports for review coverage"
"components/tutorial/config.ts","component","19","false","0","0","0","0","0","","","","AST/source inventory only; see domain reports for review coverage"
"components/tutorial/index.ts","component","4","false","0","0","0","0","0","","","","AST/source inventory only; see domain reports for review coverage"
"components/tutorial/slides.tsx","component","167","true","0","0","0","0","0","","react;./config","","AST/source inventory only; see domain reports for review coverage"
"components/tutorial/SlideshowModal.tsx","component","163","true","0","1","0","0","1","","react;./SlideshowProvider;./slides;@/components/ui/button;@/components/ui/dialog;next/image;react","","AST/source inventory only; see domain reports for review coverage"
"components/tutorial/SlideshowProvider.tsx","component","131","true","2","0","0","0","0","25","react;./config;@/lib/gamification-client","","AST/source inventory only; see domain reports for review coverage"
"components/ui/alert.tsx","component","72","false","0","0","0","0","0","","react;class-variance-authority;@/lib/utils","","AST/source inventory only; see domain reports for review coverage"
"components/ui/amount-field.tsx","component","45","true","0","0","0","0","0","","react;./input;./button;@/lib/utils;./resource-value","","AST/source inventory only; see domain reports for review coverage"
"components/ui/app-toaster.tsx","component","41","true","0","0","0","0","0","","react-hot-toast;lucide-react","","AST/source inventory only; see domain reports for review coverage"
"components/ui/approval-state.tsx","component","14","false","0","0","0","0","0","","react;lucide-react","smoke/production-fixes-smoke.ts","AST/source inventory only; see domain reports for review coverage"
"components/ui/asset-carousel-button.tsx","component","42","false","0","0","0","0","0","","lucide-react;@/lib/utils;@/components/ui/button","","AST/source inventory only; see domain reports for review coverage"
"components/ui/asset-multi-select.tsx","component","38","true","0","0","0","0","0","","react;lucide-react;./button;./dropdown-menu","","AST/source inventory only; see domain reports for review coverage"
"components/ui/badge.tsx","component","43","false","0","0","0","0","0","","react;class-variance-authority;@/lib/utils","","AST/source inventory only; see domain reports for review coverage"
"components/ui/BaseAnimatedLogo.tsx","component","178","true","2","1","0","0","0","","react;@/lib/utils;@/components/ui/performance-mode","","AST/source inventory only; see domain reports for review coverage"
"components/ui/BaseExpandedLoadingLogo.tsx","component","156","true","1","1","0","0","0","","react;@/lib/utils;@/components/ui/performance-mode","","AST/source inventory only; see domain reports for review coverage"
"components/ui/button.tsx","component","147","true","0","0","0","0","0","","react;@radix-ui/react-slot;class-variance-authority;lucide-react;@/lib/utils","","AST/source inventory only; see domain reports for review coverage"
"components/ui/card.tsx","component","120","false","0","0","0","0","0","","react;@/lib/utils","","AST/source inventory only; see domain reports for review coverage"
"components/ui/dialog-feedback-host.ts","component","68","true","0","0","0","0","0","","react","","AST/source inventory only; see domain reports for review coverage"
"components/ui/dialog.tsx","component","385","true","1","1","0","0","0","11;12;14","react;@radix-ui/react-dialog;lucide-react;@/lib/utils;@/components/ui/dialog-feedback-host;@/lib/dialog-focus","smoke/production-fixes-smoke.ts","AST/source inventory only; see domain reports for review coverage"
"components/ui/dropdown-menu.tsx","component","128","true","0","0","0","0","0","","react;@radix-ui/react-dropdown-menu;lucide-react;@/lib/utils","","AST/source inventory only; see domain reports for review coverage"
"components/ui/empty-state.tsx","component","46","false","0","0","0","0","0","","lucide-react;react;@/lib/utils","","AST/source inventory only; see domain reports for review coverage"
"components/ui/error-boundary.tsx","component","266","true","0","0","0","0","0","","@/components/ui/alert;@/components/ui/button;@/components/ui/card;lucide-react;react;@vercel/analytics","","AST/source inventory only; see domain reports for review coverage"
"components/ui/EuropeanRouletteWheel.tsx","component","298","true","2","7","0","0","0","","react;@/components/ui/performance-mode","","AST/source inventory only; see domain reports for review coverage"
"components/ui/input.tsx","component","26","false","0","0","0","1","0","","react;@/lib/utils","","AST/source inventory only; see domain reports for review coverage"
"components/ui/loading.tsx","component","19","false","0","0","0","0","0","","","","AST/source inventory only; see domain reports for review coverage"
"components/ui/pagination-footer.tsx","component","59","true","0","0","0","0","0","","lucide-react;@/components/ui/button;@/lib/utils","","AST/source inventory only; see domain reports for review coverage"
"components/ui/performance-mode.tsx","component","131","true","0","1","0","0","0","","react","","AST/source inventory only; see domain reports for review coverage"
"components/ui/pixel-container.tsx","component","31","false","0","0","0","0","0","","react;@/lib/utils","","AST/source inventory only; see domain reports for review coverage"
"components/ui/PlayingCard.tsx","component","183","true","0","0","0","0","0","","react","","AST/source inventory only; see domain reports for review coverage"
"components/ui/premium.tsx","component","110","false","0","0","0","0","0","","react;lucide-react;@/components/ui/badge;@/lib/utils","smoke/production-fixes-smoke.ts","AST/source inventory only; see domain reports for review coverage"
"components/ui/progress-bar.tsx","component","34","true","0","0","0","0","0","","react;@/lib/utils","","AST/source inventory only; see domain reports for review coverage"
"components/ui/refresh-icon.tsx","component","23","false","0","0","0","0","0","","react;lucide-react;@/lib/utils","","AST/source inventory only; see domain reports for review coverage"
"components/ui/resource-state.tsx","component","22","true","0","0","0","0","0","","./button;@/lib/utils","","AST/source inventory only; see domain reports for review coverage"
"components/ui/resource-value.tsx","component","41","false","0","0","0","0","0","","next/image;react;@/lib/utils","","AST/source inventory only; see domain reports for review coverage"
"components/ui/scroll-fade-controller.tsx","component","122","true","0","1","0","0","0","","react","","AST/source inventory only; see domain reports for review coverage"
"components/ui/skeleton.tsx","component","16","false","0","0","0","0","0","","@/lib/utils","","AST/source inventory only; see domain reports for review coverage"
"components/ui/snow-effect.tsx","component","197","true","0","1","0","0","0","","react;@/lib/snow-context;@/components/ui/performance-mode","","AST/source inventory only; see domain reports for review coverage"
"components/ui/switch.tsx","component","53","true","0","0","0","0","0","","react;@/lib/utils","","AST/source inventory only; see domain reports for review coverage"
"components/ui/textarea.tsx","component","25","false","0","0","0","1","0","","react;@/lib/utils","","AST/source inventory only; see domain reports for review coverage"
"components/ui/toggle-group.tsx","component","301","true","1","3","0","0","0","","react;@/components/ui/button;@/components/ui/performance-mode;@/lib/utils","","AST/source inventory only; see domain reports for review coverage"
"components/ui/token-amount.tsx","component","17","false","0","0","0","0","0","","@/lib/token-display;@/lib/utils;./resource-value","","AST/source inventory only; see domain reports for review coverage"
"components/ui/wallet-avatar.tsx","component","87","true","0","0","1","0","0","","react;next/image;@/lib/utils;@/components/hooks/useEnsAvatar","","AST/source inventory only; see domain reports for review coverage"
"components/verify-claim.tsx","component","473","true","8","1","2","0","0","","react;wagmi;react-hot-toast;next/image;@/components/ui/button;@/components/ui/card;lucide-react;wagmi;siwe;@/lib/open-external;@/lib/verify-claim-config","smoke/verify-claim-state-smoke.ts","AST/source inventory only; see domain reports for review coverage"
"components/viewport-debug-overlay.tsx","component","160","true","2","1","0","0","0","","react","","AST/source inventory only; see domain reports for review coverage"
"components/wallet-profile.tsx","component","1064","true","8","4","7","1","2","","@/components/airdrop-claim-card;@/components/ui/switch;@/lib/clipboard;@/components/hooks/usePrimaryName;@/components/solana;@/components/ui/alert;@/components/ui/button;@/components/ui/performance-mode;@/components/ui/dialog;@/components/ui/wallet-avatar;@/hooks/useAuthSurface;@/lib/cache-utils;@/lib/chat-auth-client;@/lib/eth-mode-context;@/lib/frame-context;@/lib/open-external;@/lib/owner-resource-invalidation;@/lib/session-storage-manager;@/lib/smart-wallet-context;@/lib/solana-constants;@/lib/utils;@farcaster/miniapp-sdk;@privy-io/react-auth;@privy-io/react-auth;@privy-io/react-auth/solana;lucide-react;react;react-hot-toast;wagmi;./balance-card;./transactions/transfer-assets-dialog;./ui/pixel-container;./ui/skeleton","smoke/owner-resource-races-smoke.ts","AST/source inventory only; see domain reports for review coverage"
"hooks/useApiLeaderboards.ts","hook","45","true","0","0","0","0","0","","@tanstack/react-query;@/lib/ranking-response;@/lib/player-ranking","","AST/source inventory only; see domain reports for review coverage"
"hooks/useAppAuthController.ts","hook","1758","true","0","12","54","0","0","","@privy-io/react-auth;react;react-hot-toast;viem;viem/siwe;wagmi;@/lib/frame-context;@/lib/cache-utils;@/lib/chat-auth-client;@/lib/base-chat-session-refresh;@/lib/confirmed-miniapp-session;@/lib/session-storage-manager;@/lib/auth-surface;@/lib/local-test-mode;@/lib/local-test-wallet","smoke/auth-session-mission-hardening-smoke.ts;smoke/local-test-logout-smoke.ts","AST/source inventory only; see domain reports for review coverage"
"hooks/useAuthSurface.ts","hook","34","true","2","1","0","0","0","","react;@/lib/session-storage-manager","","AST/source inventory only; see domain reports for review coverage"
"hooks/useAutoConnect.ts","hook","35","false","0","1","2","0","0","","react;wagmi;@/lib/frame-context","","AST/source inventory only; see domain reports for review coverage"
"hooks/useBarracksSnapshot.ts","hook","47","true","1","1","0","0","0","","react;@/lib/contracts;@/lib/types","smoke/owner-resource-races-smoke.ts","AST/source inventory only; see domain reports for review coverage"
"hooks/useBroadcastMessages.ts","hook","322","true","2","4","1","0","0","","@/hooks/useAuthSurface;@/lib/broadcast-service;@/lib/frame-context;@privy-io/react-auth;react;wagmi","smoke/owner-resource-races-smoke.ts","AST/source inventory only; see domain reports for review coverage"
"hooks/useCountdown.ts","hook","72","true","1","1","0","0","0","","react","","AST/source inventory only; see domain reports for review coverage"
"hooks/useDeadlineClock.ts","hook","36","true","1","1","0","0","0","","react","","AST/source inventory only; see domain reports for review coverage"
"hooks/useDebounce.ts","hook","19","true","1","1","0","0","0","","react","","AST/source inventory only; see domain reports for review coverage"
"hooks/useDocumentVisible.ts","hook","22","true","0","0","0","0","0","","react","","AST/source inventory only; see domain reports for review coverage"
"hooks/useFarcaster.ts","hook","29","false","0","1","0","0","0","","react;@/lib/frame-context","smoke/provider-bundle-structure-smoke.ts","AST/source inventory only; see domain reports for review coverage"
"hooks/useItemCatalogs.ts","hook","36","true","0","0","0","0","0","","@tanstack/react-query;@/lib/contracts;@/lib/types","","AST/source inventory only; see domain reports for review coverage"
"hooks/useKeyboardAware.ts","hook","115","true","0","1","0","0","0","","react","","AST/source inventory only; see domain reports for review coverage"
"hooks/useLandLeaderboard.ts","hook","13","true","0","0","0","0","0","","@tanstack/react-query;@/lib/contracts;@/lib/land-ranking","","AST/source inventory only; see domain reports for review coverage"
"hooks/useLandMap.ts","hook","65","true","0","0","0","0","0","","@tanstack/react-query;react;@/lib/contracts;@/lib/query-keys;@/lib/types","","AST/source inventory only; see domain reports for review coverage"
"hooks/useLandQuestSlots.ts","hook","56","true","0","0","0","0","0","","react;@tanstack/react-query;@/lib/contracts;@/lib/query-keys;@/lib/quest-slots","smoke/owner-resource-races-smoke.ts","AST/source inventory only; see domain reports for review coverage"
"hooks/useMediaQuery.ts","hook","50","true","1","1","0","0","0","","react","","AST/source inventory only; see domain reports for review coverage"
"hooks/useOwnerResourceList.ts","hook","279","true","0","2","0","0","0","","@tanstack/react-query;react;@/lib/owner-resource-invalidation","smoke/production-fixes-smoke.ts","AST/source inventory only; see domain reports for review coverage"
"hooks/useQuestRewardsAvailability.ts","hook","142","true","0","0","0","0","0","","@tanstack/react-query;viem;@/lib/contracts","smoke/batch-quest-smoke.ts","AST/source inventory only; see domain reports for review coverage"
"hooks/useSeedPurchaseQuote.ts","hook","44","true","0","0","0","0","0","","@tanstack/react-query;@/lib/contracts;@/lib/swap/seed-purchase-quote;./useDebounce","","AST/source inventory only; see domain reports for review coverage"
"hooks/useSolanaBridge.ts","hook","824","true","1","0","3","0","0","","react;./useSolanaWallet;@/lib/solana-bridge-service;@/lib/solana-quote;@/lib/solana-constants;@/lib/contracts;viem;@/lib/solana-bridge-executor;@solana/web3.js;@/lib/solana-bridge-flow","smoke/solana-bridge-flow-smoke.ts","AST/source inventory only; see domain reports for review coverage"
"hooks/useSolanaWallet.ts","hook","88","true","0","0","0","0","0","","@/lib/solana-twin;@/lib/solana-wallet-context;react","","AST/source inventory only; see domain reports for review coverage"
"hooks/useSwapQuote.ts","hook","95","true","1","2","0","0","0","","react;@/lib/swap/response;@/lib/swap/types;@/lib/transaction-monitor","","AST/source inventory only; see domain reports for review coverage"
"hooks/useTokenMetadata.ts","hook","37","true","0","0","0","0","0","","wagmi;viem","","AST/source inventory only; see domain reports for review coverage"
"hooks/useTokenSymbol.ts","hook","25","false","0","0","0","0","0","","wagmi;viem","","AST/source inventory only; see domain reports for review coverage"
"hooks/useWebQueryState.ts","hook","137","true","1","3","0","0","0","","react","smoke/production-fixes-smoke.ts","AST/source inventory only; see domain reports for review coverage"
"lib/activity-client.ts","shared library","49","false","0","0","3","0","0","","./types","","AST/source inventory only; see domain reports for review coverage"
"lib/activity-filters.ts","shared library","247","false","0","0","0","0","0","","./types","smoke/activity-filters-smoke.ts;smoke/uiux-audit-fixes-smoke.ts","AST/source inventory only; see domain reports for review coverage"
"lib/activity-service.ts","shared library","899","false","0","0","2","0","0","","server-only;next/cache;./types;./contracts;./indexer-client;./warehouse-activity","smoke/activity-filters-smoke.ts","AST/source inventory only; see domain reports for review coverage"
"lib/ai-action-guide.ts","shared library","686","false","0","0","0","0","0","","./types","smoke/ai-knowledge-smoke.ts;smoke/ai-player-ranking-smoke.ts","AST/source inventory only; see domain reports for review coverage"
"lib/ai-config.ts","shared library","177","false","0","0","0","0","0","","./types","smoke/ai-config-hardening-smoke.ts","AST/source inventory only; see domain reports for review coverage"
"lib/ai-context.ts","shared library","120","false","0","0","0","0","0","","./ai-action-guide","smoke/ai-knowledge-smoke.ts;smoke/ai-plant-lifecycle-smoke.ts;smoke/ai-smoke-real-tools.ts;smoke/production-fixes-smoke.ts","AST/source inventory only; see domain reports for review coverage"
"lib/ai-custody-privacy.ts","shared library","62","false","0","0","0","0","0","","viem","","AST/source inventory only; see domain reports for review coverage"
"lib/ai-read-tools.ts","shared library","6140","false","0","0","99","0","0","","server-only;./land-production;@/lib/utils;@/lib/plant-lifetime;ai;viem;zod;./contracts;./ai-rpc;./activity-service;./gamification-service;./stake-leaderboard-service;./player-ranking-service;./player-ranking;./swap/engine;./swap/constants;./swap/types;./ai-action-guide;./ai-custody-privacy;./seed-market;./pixotchi-token-info;./indexer-client;./constants;./env-config;./asset-name-rules;./notifications/constants;./notifications/provider;./redis;./status-checks;./solana-constants;./solana-twin;./utils;./verify-claim-config;../public/abi/pixotchi-v3-abi;./contracts;./types","smoke/ai-budget-smoke.ts;smoke/ai-knowledge-smoke.ts;smoke/ai-new-read-tools-smoke.ts;smoke/ai-plant-lifecycle-smoke.ts;smoke/ai-player-ranking-smoke.ts;smoke/ai-smoke-real-tools.ts","AST/source inventory only; see domain reports for review coverage"
"lib/ai-rpc.ts","shared library","103","false","0","0","0","0","0","","server-only;viem;viem/chains;./contracts","","AST/source inventory only; see domain reports for review coverage"
"lib/ai-safety.ts","shared library","202","false","0","0","0","0","0","","./ai-custody-privacy","smoke/ai-budget-smoke.ts;smoke/ai-knowledge-smoke.ts;smoke/ai-player-ranking-smoke.ts;smoke/ai-smoke-real-tools.ts","AST/source inventory only; see domain reports for review coverage"
"lib/ai-service.ts","shared library","3731","false","0","0","60","0","0","","@ai-sdk/anthropic;@ai-sdk/google;@ai-sdk/openai;ai;nanoid;./ai-config;./ai-context;./ai-read-tools;./ai-safety;./chat-service;./redis;./types","smoke/ai-accounting-hardening-smoke.ts;smoke/ai-budget-smoke.ts;smoke/ai-request-compatibility-smoke.ts","AST/source inventory only; see domain reports for review coverage"
"lib/airdrop-claim-polling.ts","shared library","27","false","0","0","0","0","0","","","smoke/airdrop-pending-poll-smoke.ts","AST/source inventory only; see domain reports for review coverage"
"lib/airdrop-claim-reconciliation.ts","shared library","67","false","0","0","0","0","0","","viem;@/lib/airdrop-claim-state","smoke/airdrop-claim-reconciliation-smoke.ts","AST/source inventory only; see domain reports for review coverage"
"lib/airdrop-claim-state.ts","shared library","75","false","0","0","1","0","0","","","smoke/airdrop-claim-state-smoke.ts","AST/source inventory only; see domain reports for review coverage"
"lib/ambient-audio-context.tsx","shared library","197","true","4","6","0","0","0","26","react;@/components/ui/performance-mode","","AST/source inventory only; see domain reports for review coverage"
"lib/amount-input.ts","shared library","11","false","0","0","0","0","0","","viem","smoke/frontend-quality-smoke.ts","AST/source inventory only; see domain reports for review coverage"
"lib/app-events.ts","shared library","175","false","0","0","0","0","0","","","smoke/production-fixes-smoke.ts","AST/source inventory only; see domain reports for review coverage"
"lib/asset-name-rules.ts","shared library","71","false","0","0","0","0","0","","","","AST/source inventory only; see domain reports for review coverage"
"lib/auth-surface.ts","shared library","61","false","0","0","0","0","0","","@/lib/local-test-mode","","AST/source inventory only; see domain reports for review coverage"
"lib/auth-utils.ts","shared library","226","false","0","0","2","0","0","","next/server;./redis;crypto;async_hooks","","AST/source inventory only; see domain reports for review coverage"
"lib/baccarat-rules.mjs","shared library","59","false","0","0","0","0","0","","","smoke/casino-hardening-smoke.mjs","AST/source inventory only; see domain reports for review coverage"
"lib/balance-context.tsx","shared library","237","true","0","2","1","0","0","41","react;wagmi;@/lib/contracts;@/public/abi/leaf-abi;@/lib/solana-wallet-context;@/lib/app-events","smoke/balance-mint-read-state-smoke.ts","AST/source inventory only; see domain reports for review coverage"
"lib/barracks-state.ts","shared library","189","false","0","0","0","0","0","","./types;./contract-value","smoke/frontend-boundaries-smoke.ts","AST/source inventory only; see domain reports for review coverage"
"lib/barracks-view.ts","shared library","169","false","0","0","0","0","0","","@/lib/types;@/lib/utils;@/lib/duration-display","","AST/source inventory only; see domain reports for review coverage"
"lib/base-account-connector.ts","shared library","26","true","0","0","0","0","0","","wagmi/connectors","","AST/source inventory only; see domain reports for review coverage"
"lib/base-chat-session-refresh.ts","shared library","120","true","0","0","0","0","0","","","","AST/source inventory only; see domain reports for review coverage"
"lib/base-rpc-policy.ts","shared library","202","false","0","0","0","0","0","","","smoke/production-fixes-smoke.ts","AST/source inventory only; see domain reports for review coverage"
"lib/base-rpc.ts","shared library","1470","false","0","0","26","0","0","","react;viem;viem/chains;./env-config;./base-rpc-policy","smoke/production-fixes-smoke.ts;smoke/uiux-audit-fixes-smoke.ts","AST/source inventory only; see domain reports for review coverage"
"lib/blackjack-cards.ts","shared library","32","false","0","0","0","0","0","","","smoke/frontend-quality-smoke.ts","AST/source inventory only; see domain reports for review coverage"
"lib/blackjack-events.ts","shared library","283","false","0","0","0","0","0","","viem;@/public/abi/blackjack-abi;./transaction-utils","smoke/frontend-boundaries-smoke.ts","AST/source inventory only; see domain reports for review coverage"
"lib/blackjack-randomness-lock.mjs","shared library","23","false","0","0","0","0","0","","","smoke/casino-hardening-smoke.mjs","AST/source inventory only; see domain reports for review coverage"
"lib/blackjack-state.ts","shared library","116","false","0","0","0","0","0","","../public/abi/blackjack-abi;./blackjack-cards;./transaction-utils;./contracts","smoke/frontend-quality-smoke.ts","AST/source inventory only; see domain reports for review coverage"
"lib/box-result.ts","shared library","21","false","0","0","0","0","0","","viem;./transaction-utils","smoke/frontend-boundaries-smoke.ts","AST/source inventory only; see domain reports for review coverage"
"lib/bridge-debug-access.ts","shared library","49","false","0","0","0","0","0","","next/server;./auth-utils;./request-rate-limit","smoke/framework-hardening-smoke.ts","AST/source inventory only; see domain reports for review coverage"
"lib/broadcast-service.ts","shared library","520","false","0","0","0","0","0","","./redis;nanoid","","AST/source inventory only; see domain reports for review coverage"
"lib/builder-code.ts","shared library","177","true","0","0","0","0","0","","ox/erc8021;viem;./env-config","","AST/source inventory only; see domain reports for review coverage"
"lib/cache-utils.ts","shared library","119","true","0","0","0","0","0","","","smoke/cache-utils-smoke.ts","AST/source inventory only; see domain reports for review coverage"
"lib/casino-amount-input.ts","shared library","128","false","0","0","0","0","0","","./amount-input;viem","smoke/frontend-quality-smoke.ts","AST/source inventory only; see domain reports for review coverage"
"lib/casino-bet-preferences.ts","shared library","65","false","0","0","0","0","0","","viem;./casino-amount-input","","AST/source inventory only; see domain reports for review coverage"
"lib/casino-client.ts","shared library","10","false","0","0","0","0","0","","@/lib/env-config;@/lib/casino-policy","","AST/source inventory only; see domain reports for review coverage"
"lib/casino-feature.ts","shared library","46","false","0","0","0","0","0","","./casino-policy","","AST/source inventory only; see domain reports for review coverage"
"lib/casino-hardening-rules.mjs","shared library","80","false","0","0","0","0","0","","","smoke/casino-hardening-smoke.mjs","AST/source inventory only; see domain reports for review coverage"
"lib/casino-policy.ts","shared library","30","false","0","0","0","0","0","","","","AST/source inventory only; see domain reports for review coverage"
"lib/casino-pool-solvency.ts","shared library","37","false","0","0","0","0","0","","","smoke/casino-pool-solvency-smoke.ts","AST/source inventory only; see domain reports for review coverage"
"lib/chat-auth-client.ts","shared library","299","true","0","0","0","0","0","","@/lib/confirmed-miniapp-session;@/lib/farcaster-miniapp-auth-headers;@/lib/host-environment;@/lib/farcaster-miniapp-auth-client","smoke/auth-session-mission-hardening-smoke.ts","AST/source inventory only; see domain reports for review coverage"
"lib/chat-auth.ts","shared library","1366","false","0","0","10","0","0","","crypto;next/server;nanoid;viem;viem/chains;@farcaster/quick-auth;@privy-io/node;@/lib/base-rpc;@/lib/env-config;@/lib/farcaster-miniapp-auth-headers;@/lib/solana-twin;@/lib/redis;@/lib/utils","smoke/auth-session-mission-hardening-smoke.ts;smoke/chat-auth-siwe-origin-smoke.ts;smoke/miniapp-auth-hardening-smoke.ts;smoke/redis-session-cache-resilience-smoke.ts","AST/source inventory only; see domain reports for review coverage"
"lib/chat-history.ts","shared library","53","false","0","0","0","0","0","","./contract-value;./types","smoke/frontend-boundaries-smoke.ts","AST/source inventory only; see domain reports for review coverage"
"lib/chat-preferences.ts","shared library","62","false","0","0","0","0","0","","./types","","AST/source inventory only; see domain reports for review coverage"
"lib/chat-service.ts","shared library","465","false","0","0","3","0","0","","./redis;nanoid;./types;./ens-resolver;./constants;./redis","","AST/source inventory only; see domain reports for review coverage"
"lib/clipboard.ts","shared library","21","true","0","0","0","0","0","","react-hot-toast","","AST/source inventory only; see domain reports for review coverage"
"lib/confirmed-miniapp-session.ts","shared library","92","true","1","1","0","0","0","","react","","AST/source inventory only; see domain reports for review coverage"
"lib/constants.ts","shared library","80","false","0","0","0","0","0","","","","AST/source inventory only; see domain reports for review coverage"
"lib/contract-value.ts","shared library","46","false","0","0","0","0","0","","","","AST/source inventory only; see domain reports for review coverage"
"lib/contracts.ts","shared library","3919","false","0","0","41","0","0","","./barracks-state;./contract-value;@/lib/land-ranking;./blackjack-state;./quest-slots;@/public/abi/fence-v2-abi;@/lib/format-address;@/public/abi/staking-abi;@/public/abi/Uniswap.json;./swap/seed-purchase-quote;viem;../public/abi/leaf-abi;../public/abi/pixotchi-v3-abi;./base-rpc;./builder-code;./env-config;./solana-constants;./quest-reward-storage;./types;@/public/abi/casino-abi;@/public/abi/baccarat-abi;@/public/abi/blackjack-abi","smoke/ai-plant-lifecycle-smoke.ts;smoke/batch-quest-smoke.ts;smoke/mission-proof-hardening-smoke.ts;smoke/mission-proof-security-review-smoke.ts;smoke/production-fixes-smoke.ts;smoke/quest-ui-smoke.ts;smoke/swap-bundle-equivalence-smoke.ts","AST/source inventory only; see domain reports for review coverage"
"lib/dialog-focus.ts","shared library","51","false","0","0","0","0","0","","","","AST/source inventory only; see domain reports for review coverage"
"lib/duration-display.ts","shared library","14","false","0","0","0","0","0","","","smoke/frontend-quality-smoke.ts","AST/source inventory only; see domain reports for review coverage"
"lib/efp-service.ts","shared library","41","false","0","0","1","0","0","","","","AST/source inventory only; see domain reports for review coverage"
"lib/efp-transaction-workflow.ts","shared library","481","false","0","0","0","0","0","","ethereum-identity-kit;viem","smoke/efp-transaction-hardening-smoke.ts","AST/source inventory only; see domain reports for review coverage"
"lib/ens-resolver.ts","shared library","246","false","0","0","0","0","0","","viem;./base-rpc;./redis;./constants","","AST/source inventory only; see domain reports for review coverage"
"lib/env-config.ts","shared library","246","false","0","0","1","0","0","","./notifications/provider","smoke/production-fixes-smoke.ts;smoke/quest-ui-smoke.ts","AST/source inventory only; see domain reports for review coverage"
"lib/eth-mode-context.tsx","shared library","100","true","2","3","0","0","0","20","react","","AST/source inventory only; see domain reports for review coverage"
"lib/farcaster-miniapp-auth-client.ts","shared library","65","true","0","0","0","0","0","","@/lib/farcaster-miniapp-auth-headers;@/lib/host-environment","smoke/provider-bundle-structure-smoke.ts","AST/source inventory only; see domain reports for review coverage"
"lib/farcaster-miniapp-auth-headers.ts","shared library","2","false","0","0","0","0","0","","","","AST/source inventory only; see domain reports for review coverage"
"lib/farm-view-context.tsx","shared library","88","true","0","1","0","0","0","38","react;@/components/solana;@/hooks/useWebQueryState","","AST/source inventory only; see domain reports for review coverage"
"lib/first-care-progress.ts","shared library","42","false","0","0","0","0","0","","","smoke/frontend-quality-smoke.ts","AST/source inventory only; see domain reports for review coverage"
"lib/format-address.ts","shared library","20","false","0","0","0","0","0","","./constants","","AST/source inventory only; see domain reports for review coverage"
"lib/frame-context.tsx","shared library","32","true","0","0","1","0","0","11","react;@/lib/host-environment","","AST/source inventory only; see domain reports for review coverage"
"lib/gamification-client.ts","shared library","10","false","0","0","0","0","0","","@/lib/env-config;@/lib/gamification-policy","","AST/source inventory only; see domain reports for review coverage"
"lib/gamification-feature.ts","shared library","36","false","0","0","0","0","0","","./gamification-policy","","AST/source inventory only; see domain reports for review coverage"
"lib/gamification-policy.ts","shared library","29","false","0","0","0","0","0","","","","AST/source inventory only; see domain reports for review coverage"
"lib/gamification-proof.ts","shared library","307","false","0","0","0","0","0","","viem;./contracts;./swap/constants;./seed-market;./gamification-types","smoke/mission-proof-hardening-smoke.ts;smoke/mission-proof-security-review-smoke.ts","AST/source inventory only; see domain reports for review coverage"
"lib/gamification-service.ts","shared library","676","false","0","0","21","0","0","","@/lib/redis;./gamification-feature;./gamification-types","smoke/mission-proof-hardening-smoke.ts;smoke/mission-proof-security-review-smoke.ts;smoke/mission-summary-read-resilience-smoke.ts","AST/source inventory only; see domain reports for review coverage"
"lib/gamification-types.ts","shared library","76","false","0","0","0","0","0","","","smoke/mission-proof-hardening-smoke.ts","AST/source inventory only; see domain reports for review coverage"
"lib/host-environment.tsx","shared library","346","true","1","1","6","0","0","84","react","smoke/framework-hardening-smoke.ts;smoke/provider-bundle-structure-smoke.ts","AST/source inventory only; see domain reports for review coverage"
"lib/indexer-client.ts","shared library","72","false","0","0","1","0","0","","server-only","","AST/source inventory only; see domain reports for review coverage"
"lib/land-production.ts","shared library","72","false","0","0","0","0","0","","viem;./contract-value;./types","smoke/land-production-smoke.ts","AST/source inventory only; see domain reports for review coverage"
"lib/land-ranking.ts","shared library","25","false","0","0","0","0","0","","@/lib/transaction-utils","smoke/frontend-recovery-smoke.ts","AST/source inventory only; see domain reports for review coverage"
"lib/land-utils.ts","shared library","182","false","0","0","0","0","0","","","","AST/source inventory only; see domain reports for review coverage"
"lib/local-test-connector.ts","shared library","373","true","0","0","9","0","0","","viem;viem/accounts;@wagmi/core;wagmi;viem/chains;./local-test-wallet;./local-test-mode;./base-rpc;./rpc-transport;./pending-evm-transaction;./local-test-transaction","smoke/local-test-logout-smoke.ts;smoke/production-fixes-smoke.ts","AST/source inventory only; see domain reports for review coverage"
"lib/local-test-mode.ts","shared library","16","false","0","0","0","0","0","","","","AST/source inventory only; see domain reports for review coverage"
"lib/local-test-transaction.ts","shared library","36","false","0","0","0","0","0","","viem","smoke/production-fixes-smoke.ts","AST/source inventory only; see domain reports for review coverage"
"lib/local-test-wallet.ts","shared library","166","false","0","0","2","0","0","","viem;viem/accounts;@/lib/local-test-mode","","AST/source inventory only; see domain reports for review coverage"
"lib/logger.ts","shared library","62","false","0","0","2","0","0","","","","AST/source inventory only; see domain reports for review coverage"
"lib/marketplace-order.ts","shared library","30","false","0","0","0","0","0","","viem","smoke/frontend-quality-smoke.ts","AST/source inventory only; see domain reports for review coverage"
"lib/marketplace-price.ts","shared library","89","false","0","0","0","0","0","","","smoke/frontend-quality-smoke.ts;smoke/production-fixes-smoke.ts","AST/source inventory only; see domain reports for review coverage"
"lib/mission-tracking.ts","shared library","447","true","0","0","2","0","0","","@/lib/base-chat-session-refresh;@/lib/farcaster-miniapp-auth-client;@/lib/host-environment;@/lib/public-chat-session-refresh;@/lib/session-storage-manager","smoke/auth-session-mission-hardening-smoke.ts;smoke/mission-auth-recovery-smoke.ts","AST/source inventory only; see domain reports for review coverage"
"lib/notification-client.ts","shared library","78","false","0","0","1","0","0","","@farcaster/miniapp-sdk;@/lib/notification;@/lib/types","","AST/source inventory only; see domain reports for review coverage"
"lib/notification.ts","shared library","43","false","0","0","0","0","0","","./redis;./types","","AST/source inventory only; see domain reports for review coverage"
"lib/notifications/base-api.ts","shared library","371","false","0","0","8","0","0","","@/lib/env-config;@/lib/notifications/constants;@/lib/notifications/storage;@/lib/notifications/utils","","AST/source inventory only; see domain reports for review coverage"
"lib/notifications/campaigns.ts","shared library","272","false","0","0","1","0","0","","@/lib/env-config;@/lib/notifications/storage;@/lib/notifications/constants;@/lib/notifications/base-api;@/lib/notifications/utils","","AST/source inventory only; see domain reports for review coverage"
"lib/notifications/constants.ts","shared library","85","false","0","0","0","0","0","","@/lib/notifications/provider","","AST/source inventory only; see domain reports for review coverage"
"lib/notifications/cron-auth.ts","shared library","13","false","0","0","0","0","0","","next/server","","AST/source inventory only; see domain reports for review coverage"
"lib/notifications/plant-care.ts","shared library","88","false","0","0","0","0","0","","date-fns;@/lib/contracts;@/lib/notifications/constants;@/lib/notifications/utils","","AST/source inventory only; see domain reports for review coverage"
"lib/notifications/provider.ts","shared library","22","false","0","0","0","0","0","","","","AST/source inventory only; see domain reports for review coverage"
"lib/notifications/storage.ts","shared library","536","false","0","0","19","0","0","","nanoid;@/lib/redis;@/lib/notifications/constants;@/lib/notifications/provider;@/lib/notifications/utils","","AST/source inventory only; see domain reports for review coverage"
"lib/notifications/utils.ts","shared library","55","false","0","0","0","0","0","","viem","","AST/source inventory only; see domain reports for review coverage"
"lib/open-external.ts","shared library","81","true","0","0","0","0","0","","@/lib/host-environment;react","smoke/provider-bundle-structure-smoke.ts","AST/source inventory only; see domain reports for review coverage"
"lib/owner-resource-invalidation.ts","shared library","323","true","0","0","0","0","0","","@/lib/app-events","smoke/production-fixes-smoke.ts;smoke/uiux-audit-fixes-smoke.ts","AST/source inventory only; see domain reports for review coverage"
"lib/owner-resource-query-cache.ts","shared library","56","false","0","0","0","0","0","","@tanstack/react-query;./owner-resource-invalidation","smoke/uiux-audit-fixes-smoke.ts","AST/source inventory only; see domain reports for review coverage"
"lib/paymaster-context.tsx","shared library","38","true","0","0","0","0","0","10","react","","AST/source inventory only; see domain reports for review coverage"
"lib/pending-evm-coordinator.ts","shared library","357","false","0","0","0","0","0","","@/lib/pending-evm-transaction","smoke/production-fixes-smoke.ts","AST/source inventory only; see domain reports for review coverage"
"lib/pending-evm-effects.ts","shared library","52","false","0","0","0","0","0","","@/lib/owner-resource-invalidation","smoke/frontend-recovery-smoke.ts","AST/source inventory only; see domain reports for review coverage"
"lib/pending-evm-transaction.ts","shared library","1554","false","0","0","0","0","0","","viem;@/lib/pending-evm-effects","smoke/frontend-recovery-smoke.ts;smoke/production-fixes-smoke.ts","AST/source inventory only; see domain reports for review coverage"
"lib/pixotchi-links.ts","shared library","3","false","0","0","0","0","0","","","","AST/source inventory only; see domain reports for review coverage"
"lib/pixotchi-token-info.ts","shared library","159","false","0","0","0","0","0","","./env-config;./swap/constants","","AST/source inventory only; see domain reports for review coverage"
"lib/plant-attack.ts","shared library","39","false","0","0","0","0","0","","./types","smoke/frontend-quality-smoke.ts","AST/source inventory only; see domain reports for review coverage"
"lib/plant-lifetime.ts","shared library","11","false","0","0","0","0","0","","","smoke/uiux-audit-fixes-smoke.ts","AST/source inventory only; see domain reports for review coverage"
"lib/player-ranking-service.ts","shared library","48","false","0","0","0","0","0","","server-only;viem;./contracts;./redis;./player-ranking","","AST/source inventory only; see domain reports for review coverage"
"lib/player-ranking.ts","shared library","125","false","0","0","0","0","0","","./contract-value","smoke/ai-player-ranking-smoke.ts;smoke/player-ranking-smoke.ts","AST/source inventory only; see domain reports for review coverage"
"lib/public-chat-session-refresh.ts","shared library","102","true","0","0","0","0","0","","","smoke/mission-auth-recovery-smoke.ts","AST/source inventory only; see domain reports for review coverage"
"lib/query-keys.ts","shared library","26","false","0","0","0","0","0","","","","AST/source inventory only; see domain reports for review coverage"
"lib/quest-preferences.ts","shared library","199","false","0","0","0","0","0","","./contracts","smoke/batch-quest-smoke.ts","AST/source inventory only; see domain reports for review coverage"
"lib/quest-reward-storage.ts","shared library","35","false","0","0","0","0","0","","viem","smoke/rpc-access-hardening-smoke.ts","AST/source inventory only; see domain reports for review coverage"
"lib/quest-slots.ts","shared library","55","false","0","0","0","0","0","","./quest-ui;./transaction-utils","smoke/frontend-quality-smoke.ts","AST/source inventory only; see domain reports for review coverage"
"lib/quest-ui.ts","shared library","120","false","0","0","0","0","0","","viem;./token-display;./duration-display;@/public/abi/pixotchi-v3-abi;@/lib/env-config","smoke/production-fixes-smoke.ts;smoke/quest-ui-smoke.ts","AST/source inventory only; see domain reports for review coverage"
"lib/ranking-outcome.ts","shared library","18","false","0","0","0","0","0","","viem;./transaction-utils","smoke/frontend-boundaries-smoke.ts","AST/source inventory only; see domain reports for review coverage"
"lib/ranking-pagination.ts","shared library","31","false","0","0","0","0","0","","","","AST/source inventory only; see domain reports for review coverage"
"lib/ranking-response.ts","shared library","44","false","0","0","0","0","0","","./contract-value","smoke/frontend-boundaries-smoke.ts","AST/source inventory only; see domain reports for review coverage"
"lib/redis.ts","shared library","415","false","0","0","15","0","0","","@upstash/redis;./logger","smoke/ai-accounting-hardening-smoke.ts","AST/source inventory only; see domain reports for review coverage"
"lib/request-rate-limit.ts","shared library","89","false","0","0","0","0","0","","next/server;./redis","","AST/source inventory only; see domain reports for review coverage"
"lib/roulette-bet-options.ts","shared library","50","false","0","0","0","0","0","","@/public/abi/casino-abi","smoke/frontend-quality-smoke.ts","AST/source inventory only; see domain reports for review coverage"
"lib/rpc-transport.ts","shared library","15","false","0","0","0","0","0","","viem;./base-rpc","","AST/source inventory only; see domain reports for review coverage"
"lib/secret-garden.ts","shared library","134","false","0","0","0","0","0","","node:crypto;@/lib/theme-utils","","AST/source inventory only; see domain reports for review coverage"
"lib/seed-market.ts","shared library","154","false","0","0","0","0","0","","","","AST/source inventory only; see domain reports for review coverage"
"lib/session-storage-manager.ts","shared library","444","false","0","0","1","0","0","","","","AST/source inventory only; see domain reports for review coverage"
"lib/smart-wallet-context.tsx","shared library","264","true","1","2","0","0","0","30","react;wagmi","smoke/owner-resource-races-smoke.ts","AST/source inventory only; see domain reports for review coverage"
"lib/snow-context.tsx","shared library","92","true","1","2","0","0","0","17","react;@/components/ui/performance-mode","","AST/source inventory only; see domain reports for review coverage"
"lib/solana-auth-availability.ts","shared library","43","false","0","0","3","0","0","","@/lib/solana-constants","","AST/source inventory only; see domain reports for review coverage"
"lib/solana-bridge-executor.ts","shared library","204","true","0","0","0","0","0","","@solana/web3.js;viem;./solana-bridge-implementation;./solana-bridge-service;./solana-bridge-lifecycle;./solana-constants","smoke/solana-bridge-flow-smoke.ts","AST/source inventory only; see domain reports for review coverage"
"lib/solana-bridge-flow.ts","shared library","87","false","0","0","0","0","0","","./solana-bridge-service","smoke/solana-bridge-flow-smoke.ts","AST/source inventory only; see domain reports for review coverage"
"lib/solana-bridge-implementation.ts","shared library","944","false","0","0","0","0","0","","@solana/web3.js;viem;./solana-bridge-lifecycle","","AST/source inventory only; see domain reports for review coverage"
"lib/solana-bridge-lifecycle.ts","shared library","1518","false","0","0","0","0","0","","@solana/web3.js;@solana/web3.js;viem;./base-rpc;./solana-constants","smoke/solana-bridge-flow-smoke.ts","AST/source inventory only; see domain reports for review coverage"
"lib/solana-bridge-service.ts","shared library","581","false","0","0","0","0","0","","viem;./solana-constants;./solana-twin;./solana-quote","smoke/solana-bridge-flow-smoke.ts","AST/source inventory only; see domain reports for review coverage"
"lib/solana-constants.ts","shared library","383","false","0","0","0","0","0","","","smoke/solana-bridge-flow-smoke.ts","AST/source inventory only; see domain reports for review coverage"
"lib/solana-quote.ts","shared library","185","true","0","0","0","0","0","","viem;./base-rpc;./solana-constants","smoke/solana-bridge-flow-smoke.ts","AST/source inventory only; see domain reports for review coverage"
"lib/solana-twin.ts","shared library","235","false","0","0","0","0","0","","viem;./base-rpc;./solana-constants","smoke/solana-bridge-flow-smoke.ts","AST/source inventory only; see domain reports for review coverage"
"lib/solana-wallet-context.tsx","shared library","290","true","1","2","0","0","0","48","react;./solana-twin;./solana-constants","smoke/owner-resource-races-smoke.ts;smoke/solana-bridge-flow-smoke.ts","AST/source inventory only; see domain reports for review coverage"
"lib/spin-game-events.ts","shared library","142","false","0","0","0","0","0","","viem","smoke/frontend-boundaries-smoke.ts;smoke/production-fixes-smoke.ts","AST/source inventory only; see domain reports for review coverage"
"lib/spin-metadata.ts","shared library","30","false","0","0","0","0","0","","./contract-value;viem;./spin-game-events","smoke/frontend-boundaries-smoke.ts","AST/source inventory only; see domain reports for review coverage"
"lib/spin-pending-storage.ts","shared library","181","false","0","0","0","0","0","","viem","smoke/spin-pending-storage-smoke.ts","AST/source inventory only; see domain reports for review coverage"
"lib/spin-read-state.ts","shared library","11","false","0","0","0","0","0","","","","AST/source inventory only; see domain reports for review coverage"
"lib/stake-leaderboard-service.ts","shared library","261","false","0","0","4","0","0","","./contracts;@/public/abi/stakeabi.json;./redis;./ens-resolver;zod","smoke/redis-session-cache-resilience-smoke.ts;smoke/stake-leaderboard-warm-retirement-smoke.ts","AST/source inventory only; see domain reports for review coverage"
"lib/status-checks.ts","shared library","554","false","0","0","4","0","0","","./env-config;./base-rpc;./redis;./indexer-client;./notifications/base-api;./notifications/provider;./status-snapshot","smoke/status-cron-observability-smoke.ts","AST/source inventory only; see domain reports for review coverage"
"lib/status-snapshot.ts","shared library","148","false","0","0","3","0","0","","","smoke/status-snapshot-safety-smoke.ts","AST/source inventory only; see domain reports for review coverage"
"lib/swap/amount.ts","shared library","12","false","0","0","0","0","0","","viem;../amount-input;./constants;./types","smoke/frontend-quality-smoke.ts","AST/source inventory only; see domain reports for review coverage"
"lib/swap/api-errors.ts","shared library","45","false","0","0","1","0","0","","next/server;zod;./engine","","AST/source inventory only; see domain reports for review coverage"
"lib/swap/base-swap-abi.ts","shared library","81","false","0","0","0","0","0","","","","AST/source inventory only; see domain reports for review coverage"
"lib/swap/bundle-calls.ts","shared library","147","true","1","1","2","0","0","","react;@/lib/types;@/lib/contracts","smoke/swap-bundle-equivalence-smoke.ts","AST/source inventory only; see domain reports for review coverage"
"lib/swap/constants.ts","shared library","177","false","0","0","0","0","0","","viem;./types","","AST/source inventory only; see domain reports for review coverage"
"lib/swap/engine.ts","shared library","819","false","0","0","0","0","0","","viem;@/lib/base-rpc;./base-swap-abi;./constants;./rules;./types","","AST/source inventory only; see domain reports for review coverage"
"lib/swap/gas.ts","shared library","39","false","0","0","0","0","0","","viem;viem/op-stack;../base-rpc;./base-swap-abi;./types","","AST/source inventory only; see domain reports for review coverage"
"lib/swap/quote-token.ts","shared library","133","false","0","0","2","0","0","","node:crypto;./constants;./types","","AST/source inventory only; see domain reports for review coverage"
"lib/swap/response.ts","shared library","98","false","0","0","0","0","0","","../contract-value;./constants;./types","smoke/frontend-boundaries-smoke.ts","AST/source inventory only; see domain reports for review coverage"
"lib/swap/rules.ts","shared library","80","false","0","0","0","0","0","","./types","smoke/swap-bundle-equivalence-smoke.ts","AST/source inventory only; see domain reports for review coverage"
"lib/swap/seed-purchase-quote.ts","shared library","31","false","0","0","0","0","0","","./constants","smoke/seed-purchase-quote-smoke.ts","AST/source inventory only; see domain reports for review coverage"
"lib/swap/types.ts","shared library","89","false","0","0","0","0","0","","viem","","AST/source inventory only; see domain reports for review coverage"
"lib/tab-visibility-context.tsx","shared library","44","true","0","0","0","0","0","18","react;@/lib/types","","AST/source inventory only; see domain reports for review coverage"
"lib/theme-utils.ts","shared library","95","false","0","0","0","0","0","","","","AST/source inventory only; see domain reports for review coverage"
"lib/token-display.ts","shared library","38","false","0","0","0","0","0","","./amount-input","smoke/frontend-quality-smoke.ts","AST/source inventory only; see domain reports for review coverage"
"lib/trait-validator.ts","shared library","298","false","0","0","0","0","0","","","","AST/source inventory only; see domain reports for review coverage"
"lib/transaction-feedback.ts","shared library","79","false","0","0","0","0","0","","","smoke/production-fixes-smoke.ts;smoke/transaction-feedback-smoke.ts","AST/source inventory only; see domain reports for review coverage"
"lib/transaction-lifecycle.ts","shared library","144","false","0","0","0","0","0","","@/lib/wallet-batch-status","smoke/frontend-boundaries-smoke.ts;smoke/frontend-quality-smoke.ts;smoke/frontend-recovery-smoke.ts","AST/source inventory only; see domain reports for review coverage"
"lib/transaction-monitor.ts","shared library","74","false","0","0","0","0","0","","","smoke/frontend-boundaries-smoke.ts;smoke/production-fixes-smoke.ts","AST/source inventory only; see domain reports for review coverage"
"lib/transaction-refresh.ts","shared library","149","true","0","0","0","0","0","","@/lib/app-events","smoke/production-fixes-smoke.ts","AST/source inventory only; see domain reports for review coverage"
"lib/transaction-utils.ts","shared library","78","false","0","0","0","0","0","","viem","smoke/frontend-quality-smoke.ts","AST/source inventory only; see domain reports for review coverage"
"lib/types.ts","shared library","761","false","0","0","4","0","0","","","smoke/activity-filters-smoke.ts;smoke/land-production-smoke.ts;smoke/production-fixes-smoke.ts;smoke/uiux-audit-fixes-smoke.ts","AST/source inventory only; see domain reports for review coverage"
"lib/untyped-value.d.ts","shared library","10","false","0","0","1","0","0","","","","AST/source inventory only; see domain reports for review coverage"
"lib/user-stats-service.ts","shared library","920","false","0","0","11","0","0","","./constants;./land-production;./contracts;./redis;./types;./utils;zod","smoke/land-production-smoke.ts;smoke/redis-session-cache-resilience-smoke.ts","AST/source inventory only; see domain reports for review coverage"
"lib/utils.ts","shared library","459","false","0","0","4","0","0","","./token-display;./duration-display;clsx;tailwind-merge;./contracts;./types","smoke/production-fixes-smoke.ts;smoke/quest-ui-smoke.ts","AST/source inventory only; see domain reports for review coverage"
"lib/verify-claim-config.ts","shared library","6","false","0","0","0","0","0","","","","AST/source inventory only; see domain reports for review coverage"
"lib/verify-claim-principal.ts","shared library","153","false","0","0","0","0","0","","siwe;./verify-claim-records","smoke/verify-claim-principal-smoke.ts","AST/source inventory only; see domain reports for review coverage"
"lib/verify-claim-records.ts","shared library","580","false","0","0","0","0","0","","node:crypto;@/lib/redis","smoke/verify-claim-state-smoke.ts","AST/source inventory only; see domain reports for review coverage"
"lib/wagmi-local-test-config.ts","shared library","31","true","0","0","0","0","0","","wagmi;viem/chains;./rpc-transport;./builder-code;./local-test-connector","","AST/source inventory only; see domain reports for review coverage"
"lib/wagmi-miniapp-config.ts","shared library","39","true","0","0","0","0","0","","wagmi;viem/chains;@farcaster/miniapp-wagmi-connector;./rpc-transport;./builder-code","","AST/source inventory only; see domain reports for review coverage"
"lib/wagmi-privy-config.ts","shared library","42","true","0","0","0","0","0","","@privy-io/wagmi;viem/chains;wagmi/connectors;./base-account-connector;./builder-code;./rpc-transport","","AST/source inventory only; see domain reports for review coverage"
"lib/wagmi-web-base-config.ts","shared library","43","true","0","0","0","0","0","","wagmi;wagmi/connectors;viem/chains;./rpc-transport;./base-account-connector;./builder-code","","AST/source inventory only; see domain reports for review coverage"
"lib/wallet-batch-status.ts","shared library","53","false","0","0","0","0","0","","@/lib/transaction-utils","smoke/frontend-recovery-smoke.ts","AST/source inventory only; see domain reports for review coverage"
"lib/warehouse-activity.ts","shared library","44","false","0","0","0","0","0","","./types","smoke/uiux-audit-fixes-smoke.ts","AST/source inventory only; see domain reports for review coverage"
