"File","Category","Lines","DialogContent call sites","Input/control sites","Local function declarations","Imports","Coverage meaning"
"app/(game)/layout.tsx","Route or app infrastructure","10","","0","GameLayout:5","react; @/components/login-hero; ../providers","Source indexed. Runtime coverage is feature/state sampling; see report and dialog inventory."
"app/(game)/page.tsx","Route or app infrastructure","1315","1280","1","loadFarcasterSdk:28; loadWalletProfileModule:66; TabLoadError:87; LoginAuthActions:287; SharedFarmMintMobileToggle:386; App:629","@/components/chat; @/components/app-update-banner; @/components/status-bar; @/components/solana; @/components/theme-selector; @/components/ui/alert; @/components/ui/button; @/components/ui/dialog; @/components/ui/loading; @/components/ui/performance-mode; @/components/ui/toggle-group; @/components/login-hero; @/lib/farm-view-context; @/lib/tab-visibility-context; @/lib/types; lucide-react; next-themes; next/dynamic; next/image; react; react-hot-toast; @/components/auth/surface-switch-buttons; @/hooks/useAppAuthController; @/hooks/useAutoConnect; @/hooks/useBroadcastMessages; @/hooks/useFarcaster; @/hooks/useMediaQuery; @/hooks/useWebQueryState; @/lib/app-events; @/lib/auth-surface; @/lib/env-config; @/lib/farcaster-miniapp-auth-client; @/lib/local-test-mode; @/lib/solana-auth-availability; @/lib/utils; @/components/tutorial; @/components/ui/error-boundary; @/hooks/useKeyboardAware","Source indexed. Runtime coverage is feature/state sampling; see report and dialog inventory."
"app/.well-known/farcaster.json/route.ts","Route or app infrastructure","85","","0","withValidProperties:1; GET:18","","Source indexed. Runtime coverage is feature/state sampling; see report and dialog inventory."
"app/admin/layout.tsx","Route or app infrastructure","23","","0","AdminLayout:10","next; ../core-providers","Source indexed. Runtime coverage is feature/state sampling; see report and dialog inventory."
"app/admin/page.tsx","Route or app infrastructure","4031","3899; 3978","19","getToolStatusClass:91; formatToolFreshness:103; formatToolInput:124; AdminDashboard:198","@/components/theme-selector; @/components/ui/alert; @/components/ui/button; @/components/ui/card; @/components/ui/dialog; @/components/ui/input; @/components/ui/textarea; @/lib/broadcast-service; @/lib/env-config; @/lib/types; date-fns; lucide-react; next/image; react; react-hot-toast","Source indexed. Runtime coverage is feature/state sampling; see report and dialog inventory."
"app/api/activity/my/route.ts","Server API","41","","0","GET:7","next/server; @/lib/activity-service; @/lib/utils","Source indexed. Runtime coverage is feature/state sampling; see report and dialog inventory."
"app/api/activity/recent/route.ts","Server API","28","","0","GET:6","next/server; @/lib/activity-service","Source indexed. Runtime coverage is feature/state sampling; see report and dialog inventory."
"app/api/admin/auth/route.ts","Server API","21","","0","GET:4","@/lib/auth-utils; next/server","Source indexed. Runtime coverage is feature/state sampling; see report and dialog inventory."
"app/api/admin/batch-limits/route.ts","Server API","245","","0","GET:45","@/lib/auth-utils; @/lib/base-rpc; @/lib/contracts; @/public/abi/pixotchi-v3-abi; next/server; viem","Source indexed. Runtime coverage is feature/state sampling; see report and dialog inventory."
"app/api/admin/broadcast/cleanup/route.ts","Server API","92","","0","POST:8; DELETE:45","next/server; @/lib/auth-utils; @/lib/broadcast-service","Source indexed. Runtime coverage is feature/state sampling; see report and dialog inventory."
"app/api/admin/broadcast/route.ts","Server API","204","","0","GET:14; POST:44; PUT:116; DELETE:167","next/server; @/lib/auth-utils; @/lib/broadcast-service","Source indexed. Runtime coverage is feature/state sampling; see report and dialog inventory."
"app/api/admin/builder-code/route.ts","Server API","66","","0","GET:14","next/server; ox/erc8021; @/lib/auth-utils; @/lib/env-config","Source indexed. Runtime coverage is feature/state sampling; see report and dialog inventory."
"app/api/admin/claims/route.ts","Server API","215","","0","scanKeysRaw:13; GET:39; DELETE:116","next/server; @/lib/auth-utils; @/lib/redis","Source indexed. Runtime coverage is feature/state sampling; see report and dialog inventory."
"app/api/admin/feedback/delete/route.ts","Server API","61","","0","POST:6","next/server; @/lib/auth-utils; @/lib/redis; @/lib/logger","Source indexed. Runtime coverage is feature/state sampling; see report and dialog inventory."
"app/api/admin/feedback/list/route.ts","Server API","51","","0","GET:6","next/server; @/lib/auth-utils; @/lib/redis; @/lib/logger","Source indexed. Runtime coverage is feature/state sampling; see report and dialog inventory."
"app/api/admin/notifications/campaigns/preview/route.ts","Server API","37","","0","POST:18","next/server; zod; @/lib/auth-utils; @/lib/notifications/campaigns","Source indexed. Runtime coverage is feature/state sampling; see report and dialog inventory."
"app/api/admin/notifications/campaigns/route.ts","Server API","36","","0","GET:8","next/server; @/lib/auth-utils; @/lib/notifications/storage","Source indexed. Runtime coverage is feature/state sampling; see report and dialog inventory."
"app/api/admin/notifications/campaigns/send/route.ts","Server API","38","","0","POST:20","next/server; zod; @/lib/auth-utils; @/lib/notifications/campaigns","Source indexed. Runtime coverage is feature/state sampling; see report and dialog inventory."
"app/api/admin/notifications/campaigns/[id]/route.ts","Server API","36","","0","GET:12","next/server; @/lib/auth-utils; @/lib/notifications/storage","Source indexed. Runtime coverage is feature/state sampling; see report and dialog inventory."
"app/api/admin/notifications/eligible/route.ts","Server API","305","","0","getThrottleState:22; fetchEnabledFids:30; resolveFidAddress:88; handleBaseEligible:114; handleNeynarEligible:193; GET:288","next/server; date-fns; @/lib/auth-utils; @/lib/redis; @/lib/env-config; @/lib/contracts; @/lib/notifications/constants; @/lib/notifications/plant-care; @/lib/notifications/storage; @/lib/notifications/utils","Source indexed. Runtime coverage is feature/state sampling; see report and dialog inventory."
"app/api/admin/notifications/keys/route.ts","Server API","265","","0","rawScanKeys:9; getKeyInfo:59; GET:114; DELETE:185","@/lib/auth-utils; @/lib/redis; next/server","Source indexed. Runtime coverage is feature/state sampling; see report and dialog inventory."
"app/api/admin/notifications/reset/route.ts","Server API","151","","0","scanAndDelete:26; clearProviderPlantCare:50; clearBaseCampaigns:70; DELETE:80","next/server; @/lib/redis; @/lib/auth-utils; @/lib/env-config; @/lib/notifications/storage; @/lib/notifications/constants; @/lib/notifications/provider","Source indexed. Runtime coverage is feature/state sampling; see report and dialog inventory."
"app/api/admin/notifications/route.ts","Server API","109","","0","parseList:13; GET:23","next/server; @/lib/redis; @/lib/auth-utils; @/lib/env-config; @/lib/notifications/storage","Source indexed. Runtime coverage is feature/state sampling; see report and dialog inventory."
"app/api/admin/notifications/trigger/route.ts","Server API","165","","0","POST:25; GET:162","next/server; @/lib/auth-utils; @/lib/env-config; @/lib/redis; @/lib/notifications/constants","Source indexed. Runtime coverage is feature/state sampling; see report and dialog inventory."
"app/api/admin/rpc-status/route.ts","Server API","85","","0","GET:5","@/lib/auth-utils; @/lib/base-rpc; next/server","Source indexed. Runtime coverage is feature/state sampling; see report and dialog inventory."
"app/api/airdrop/claim/route.ts","Server API","500","","0","getClient:43; getClaimedResponse:56; parseAllocationAmount:68; compareAndSetEligibility:79; persistExpectedEligibilityTransition:92; incrementClaimedCountOnce:111; getClaimMessage:126; POST:139; GET:484","@/lib/base-rpc; @/lib/airdrop-claim-state; @/lib/airdrop-claim-reconciliation; @/lib/redis; @coinbase/cdp-sdk; next/server; viem","Source indexed. Runtime coverage is feature/state sampling; see report and dialog inventory."
"app/api/airdrop/manage/route.ts","Server API","446","","0","chunkArray:30; parseCsvRows:40; normalizeDecimalAmount:94; deleteRedisKeys:102; POST:122; GET:257; DELETE:411","next/server; @/lib/base-rpc; @/lib/redis; @/lib/auth-utils; viem","Source indexed. Runtime coverage is feature/state sampling; see report and dialog inventory."
"app/api/airdrop/status/route.ts","Server API","195","","0","getCdpClient:25; getPixotchiAgentSmartAccount:30; persistReconciledRecord:43; reconcileOperation:56; GET:116","next/server; @/lib/airdrop-claim-state; @/lib/airdrop-claim-reconciliation; @/lib/base-rpc; @/lib/redis; @/lib/request-rate-limit; @coinbase/cdp-sdk","Source indexed. Runtime coverage is feature/state sampling; see report and dialog inventory."
"app/api/blackjack/random/route.ts","Server API","730","","0","isBlackjackActionName:61; getActionLockKey:65; isCachedRandomness:69; readActionLock:90; createActionLockIfAbsent:116; cleanupConsumedLock:149; isLockMismatch:159; deleteActionLock:177; actionNameFromNum:184; validateActionAgainstOnchainState:196; generateRandomSeed:321; checkRateLimit:330; getClientRateLimitKey:348; cleanupRateLimits:358; POST:367; GET:699","@/lib/base-rpc; @/lib/casino-feature; @/lib/casino-policy; @/lib/chat-auth; @/lib/blackjack-randomness-lock.mjs; @/lib/contracts; @/lib/redis; @/public/abi/blackjack-abi; @/public/abi/pixotchi-v3-abi; next/server; viem; viem/accounts","Source indexed. Runtime coverage is feature/state sampling; see report and dialog inventory."
"app/api/bridge/check-adapter/route.ts","Server API","135","","0","GET:32","next/server; @/lib/bridge-debug-access; @/lib/base-rpc; viem","Source indexed. Runtime coverage is feature/state sampling; see report and dialog inventory."
"app/api/bridge/check-pixotchi/route.ts","Server API","82","","0","GET:20","next/server; @/lib/bridge-debug-access; @/lib/base-rpc; viem","Source indexed. Runtime coverage is feature/state sampling; see report and dialog inventory."
"app/api/bridge/check-pool-types/route.ts","Server API","180","","0","GET:33","@/lib/base-rpc; @/lib/bridge-debug-access; next/server; viem","Source indexed. Runtime coverage is feature/state sampling; see report and dialog inventory."
"app/api/bridge/check-pools/route.ts","Server API","191","","0","GET:44","@/lib/base-rpc; @/lib/bridge-debug-access; next/server; viem","Source indexed. Runtime coverage is feature/state sampling; see report and dialog inventory."
"app/api/bridge/check-swap/route.ts","Server API","199","","0","GET:71","next/server; @/lib/bridge-debug-access; @/lib/base-rpc; viem","Source indexed. Runtime coverage is feature/state sampling; see report and dialog inventory."
"app/api/bridge/check-twin/route.ts","Server API","94","","0","GET:26","next/server; @/lib/bridge-debug-access; @/lib/base-rpc; viem","Source indexed. Runtime coverage is feature/state sampling; see report and dialog inventory."
"app/api/bridge/check-wsol-impl/route.ts","Server API","91","","0","GET:15","@/lib/base-rpc; @/lib/bridge-debug-access; next/server; viem","Source indexed. Runtime coverage is feature/state sampling; see report and dialog inventory."
"app/api/bridge/debug-deep/route.ts","Server API","223","","0","GET:20","@/lib/base-rpc; @/lib/bridge-debug-access; next/server; viem","Source indexed. Runtime coverage is feature/state sampling; see report and dialog inventory."
"app/api/bridge/diagnose/route.ts","Server API","333","","0","GET:46; decodeOutgoingMessage:189; decodeTransfer:214; decodeCall:237; buildEvmMessage:251; pubkeyToBytes32:274; buildIncomingPayload:280","next/server; @/lib/bridge-debug-access; @/lib/base-rpc; viem; @solana/web3.js","Source indexed. Runtime coverage is feature/state sampling; see report and dialog inventory."
"app/api/bridge/find-failure/route.ts","Server API","153","","0","GET:18","next/server; @/lib/bridge-debug-access; @/lib/base-rpc; viem","Source indexed. Runtime coverage is feature/state sampling; see report and dialog inventory."
"app/api/bridge/find-message/route.ts","Server API","145","","0","GET:21","next/server; @/lib/bridge-debug-access; @solana/web3.js","Source indexed. Runtime coverage is feature/state sampling; see report and dialog inventory."
"app/api/bridge/retry-relay/route.ts","Server API","325","","0","GET:49; decodeOutgoingMessage:175; decodeTransfer:195; decodeCall:211; buildEvmMessage:224; pubkeyToBytes32:258; buildIncomingPayload:264","next/server; @/lib/bridge-debug-access; @/lib/base-rpc; viem; @solana/web3.js","Source indexed. Runtime coverage is feature/state sampling; see report and dialog inventory."
"app/api/bridge/simulate-mint/route.ts","Server API","163","","0","GET:35","@/lib/base-rpc; @/lib/bridge-debug-access; next/server; viem","Source indexed. Runtime coverage is feature/state sampling; see report and dialog inventory."
"app/api/bridge/test-aero-swap/route.ts","Server API","182","","0","GET:28","@/lib/base-rpc; @/lib/bridge-debug-access; next/server; viem","Source indexed. Runtime coverage is feature/state sampling; see report and dialog inventory."
"app/api/bridge/test-swap-steps/route.ts","Server API","193","","0","GET:62","@/lib/base-rpc; @/lib/bridge-debug-access; next/server; viem","Source indexed. Runtime coverage is feature/state sampling; see report and dialog inventory."
"app/api/bridge/test-transfer/route.ts","Server API","133","","0","GET:23","@/lib/base-rpc; @/lib/bridge-debug-access; next/server; viem","Source indexed. Runtime coverage is feature/state sampling; see report and dialog inventory."
"app/api/bridge/trace-mint/route.ts","Server API","210","","0","GET:55","@/lib/base-rpc; @/lib/bridge-debug-access; next/server; viem","Source indexed. Runtime coverage is feature/state sampling; see report and dialog inventory."
"app/api/bridge/verify-wsol/route.ts","Server API","118","","0","GET:35","@/lib/base-rpc; @/lib/bridge-debug-access; next/server; viem","Source indexed. Runtime coverage is feature/state sampling; see report and dialog inventory."
"app/api/broadcast/active/route.ts","Server API","29","","0","GET:7","next/server; @/lib/broadcast-service","Source indexed. Runtime coverage is feature/state sampling; see report and dialog inventory."
"app/api/broadcast/dismiss/route.ts","Server API","38","","0","POST:7","next/server; @/lib/broadcast-service","Source indexed. Runtime coverage is feature/state sampling; see report and dialog inventory."
"app/api/broadcast/impression/route.ts","Server API","29","","0","POST:7","next/server; @/lib/broadcast-service","Source indexed. Runtime coverage is feature/state sampling; see report and dialog inventory."
"app/api/chat/admin/delete/route.ts","Server API","67","","0","DELETE:5","next/server; @/lib/chat-service; @/lib/auth-utils","Source indexed. Runtime coverage is feature/state sampling; see report and dialog inventory."
"app/api/chat/admin/messages/route.ts","Server API","38","","0","GET:5","next/server; @/lib/chat-service; @/lib/auth-utils","Source indexed. Runtime coverage is feature/state sampling; see report and dialog inventory."
"app/api/chat/ai/admin/conversations/route.ts","Server API","120","","0","GET:5; DELETE:51","next/server; @/lib/auth-utils; @/lib/ai-service","Source indexed. Runtime coverage is feature/state sampling; see report and dialog inventory."
"app/api/chat/ai/admin/messages/route.ts","Server API","60","","0","GET:5","next/server; @/lib/auth-utils; @/lib/ai-service","Source indexed. Runtime coverage is feature/state sampling; see report and dialog inventory."
"app/api/chat/ai/messages/route.ts","Server API","124","","0","GET:22","next/server; @/lib/ai-service; @/lib/chat-auth; @/lib/request-rate-limit","Source indexed. Runtime coverage is feature/state sampling; see report and dialog inventory."
"app/api/chat/ai/send/route.ts","Server API","224","","0","parsePositiveInteger:25; noStoreJson:30; readJsonBodyWithLimit:42; getTextFromIncomingMessage:100; getLatestUserText:119; sanitizeOriginalMessages:130; POST:162","next/server; @/lib/ai-service; @/lib/chat-auth; @/lib/request-rate-limit","Source indexed. Runtime coverage is feature/state sampling; see report and dialog inventory."
"app/api/chat/auth/base/debug/route.ts","Server API","118","","0","getDiagnosticsGateResponse:19; sanitizeDiagnosticValue:38; sanitizeDiagnosticBody:66; POST:81","next/server; @/lib/auth-utils","Source indexed. Runtime coverage is feature/state sampling; see report and dialog inventory."
"app/api/chat/auth/base/nonce/route.ts","Server API","46","","0","GET:9","next/server; @/lib/chat-auth; @/lib/request-rate-limit","Source indexed. Runtime coverage is feature/state sampling; see report and dialog inventory."
"app/api/chat/auth/session/route.ts","Server API","270","","0","getStringField:27; getPrivyIdentityToken:32; getRequestedChatAuthAddress:45; GET:67; POST:143; DELETE:234","next/server; @/lib/chat-auth; @/lib/request-rate-limit","Source indexed. Runtime coverage is feature/state sampling; see report and dialog inventory."
"app/api/chat/messages/route.ts","Server API","95","","0","GET:15","next/server; @/lib/chat-auth; @/lib/chat-service; @/lib/request-rate-limit","Source indexed. Runtime coverage is feature/state sampling; see report and dialog inventory."
"app/api/chat/send/route.ts","Server API","166","","0","POST:23","next/server; @/lib/chat-service; @/lib/chat-auth; @/lib/gamification-service; @/lib/request-rate-limit; @/lib/gamification-feature","Source indexed. Runtime coverage is feature/state sampling; see report and dialog inventory."
"app/api/ens/avatars/route.ts","Server API","112","","0","normalizeAvatarUrl:8; fetchAvatar:30; POST:56","next/server; viem","Source indexed. Runtime coverage is feature/state sampling; see report and dialog inventory."
"app/api/ens/resolve/route.ts","Server API","43","","0","POST:7","@/lib/ens-resolver; next/server; viem","Source indexed. Runtime coverage is feature/state sampling; see report and dialog inventory."
"app/api/feedback/submit/route.ts","Server API","136","","0","cleanOptionalString:12; sanitizeFarcasterDetails:18; POST:31","next/server; @/lib/request-rate-limit; @/lib/redis; @/lib/logger; nanoid; viem","Source indexed. Runtime coverage is feature/state sampling; see report and dialog inventory."
"app/api/gamification/admin/reset/route.ts","Server API","30","","0","POST:5","@/lib/auth-utils; @/lib/gamification-service; next/server","Source indexed. Runtime coverage is feature/state sampling; see report and dialog inventory."
"app/api/gamification/leaderboards/route.ts","Server API","22","","0","GET:5","next/server; @/lib/gamification-service; @/lib/auth-utils","Source indexed. Runtime coverage is feature/state sampling; see report and dialog inventory."
"app/api/gamification/missions/route.ts","Server API","377","","0","isAllowedOrigin:56; isHexHash:63; isPlainRecord:67; parseCanonicalProof:71; isAllowedMonth:78; sleep:82; getTransactionReceiptWithRetry:86; hasAssetAccess:111; GET:142; POST:186","next/server; @/lib/chat-auth; @/lib/gamification-service; @/lib/utils; @/lib/gamification-types; @/lib/gamification-proof; @/lib/contracts; viem; @/lib/gamification-feature; @/lib/base-rpc; @/lib/request-rate-limit","Source indexed. Runtime coverage is feature/state sampling; see report and dialog inventory."
"app/api/gamification/streak/route.ts","Server API","75","","0","GET:17; POST:41","next/server; @/lib/chat-auth; @/lib/gamification-service; @/lib/utils; @/lib/gamification-feature","Source indexed. Runtime coverage is feature/state sampling; see report and dialog inventory."
"app/api/health/route.ts","Server API","51","","0","getHealthStatus:12; GET:27; HEAD:43","next/server; @/lib/env-config","Source indexed. Runtime coverage is feature/state sampling; see report and dialog inventory."
"app/api/leaderboard/rocks/route.ts","Server API","49","","0","GET:9","next/server; @/lib/gamification-service; @/lib/ens-resolver; @/lib/gamification-feature","Source indexed. Runtime coverage is feature/state sampling; see report and dialog inventory."
"app/api/leaderboard/stake/route.ts","Server API","57","","0","GET:15","next/server; @/lib/stake-leaderboard-service","Source indexed. Runtime coverage is feature/state sampling; see report and dialog inventory."
"app/api/notifications/cron/base-audience-sync/route.ts","Server API","248","","0","parsePositiveInteger:37; getExecutionBudgetMs:46; maybeDeleteStagingSnapshot:75; handleRequest:82; GET:241; POST:245","next/server; zod; @/lib/auth-utils; @/lib/notifications/base-api; @/lib/notifications/constants; @/lib/notifications/storage; @/lib/env-config; @/lib/notifications/utils; @/lib/notifications/cron-auth","Source indexed. Runtime coverage is feature/state sampling; see report and dialog inventory."
"app/api/notifications/cron/plant-care/route.ts","Server API","641","","0","getThrottleState:71; markThrottle:79; clearThrottle:87; fetchAllEnabledFids:95; publishToFids:157; resolveFidAddress:186; processNeynarFid:212; handleNeynarPlantCare:266; processBaseDueOwner:384; applyBasePlantCareDeliveryOutcome:418; handleBasePlantCare:453; handleRequest:610; GET:634; POST:638","next/server; zod; date-fns; @/lib/redis; @/lib/env-config; @/lib/contracts; @/lib/notifications/storage; @/lib/notifications/constants; @/lib/notifications/plant-care; @/lib/notifications/base-api; @/lib/notifications/utils; @/lib/auth-utils; @/lib/notifications/cron-auth","Source indexed. Runtime coverage is feature/state sampling; see report and dialog inventory."
"app/api/notifications/map-fid/route.ts","Server API","87","","0","POST:16","next/server; @/lib/request-rate-limit; @/lib/redis; @/lib/env-config; @/lib/chat-auth; viem","Source indexed. Runtime coverage is feature/state sampling; see report and dialog inventory."
"app/api/notifications/mint-success/route.ts","Server API","118","","0","sanitizeStrainName:17; logMintNotification:24; POST:37","next/server; @/lib/notification-client; @/lib/env-config; @/lib/chat-auth; @/lib/request-rate-limit; @/lib/redis","Source indexed. Runtime coverage is feature/state sampling; see report and dialog inventory."
"app/api/notify/route.ts","Server API","195","","0","incrementWithExpiry:11; checkRateLimit:20; validatePayload:41; POST:99","@/lib/notification-client; next/server; @/lib/redis; @/lib/types; @/lib/env-config","Source indexed. Runtime coverage is feature/state sampling; see report and dialog inventory."
"app/api/og/mint/route.tsx","Server API","286","","0","loadPublicAssetBinary:62; loadBundledDataUrl:79; formatAddress:98; GET:107","node:fs/promises; node:path; next/og; @/lib/constants","Source indexed. Runtime coverage is feature/state sampling; see report and dialog inventory."
"app/api/rpc/route.ts","Server API","649","","0","isAnonymousBaseRpcMethodAllowed:81; isAnonymousBaseRpcRequestAllowed:85; isLoopbackHostname:102; allowsDevelopmentWrites:106; isMethodAllowed:114; isProduction:175; getClientKey:179; isDevelopmentRateLimited:193; incrementRpcRateLimit:213; enforceRpcRateLimit:236; getBaseRpcRequestCost:277; getRequestCost:283; getRpcAccessTier:289; rpcError:302; notForwardedError:326; rpcResult:330; toBlockNumber:334; validateBaseRpcLogFilter:350; getClientForMethod:391; validateSingle:397; validateAnonymousTier:432; getSafeRpcError:450; safeRpcMessage:475; handleSingle:484; parseAllowedOrigins:499; hasAllowedOrigin:517; POST:537","next/server; @/lib/base-rpc; @/lib/base-rpc-policy; @/lib/chat-auth; @/lib/env-config; @/lib/quest-reward-storage; @/lib/redis","Source indexed. Runtime coverage is feature/state sampling; see report and dialog inventory."
"app/api/secret-garden/progress/route.ts","Server API","104","","0","POST:20","next/server; next/headers; @/lib/secret-garden; @/lib/theme-utils","Source indexed. Runtime coverage is feature/state sampling; see report and dialog inventory."
"app/api/secret-garden/validate/route.ts","Server API","49","","0","POST:13","next/server; next/headers; @/lib/secret-garden","Source indexed. Runtime coverage is feature/state sampling; see report and dialog inventory."
"app/api/seed-volume/route.ts","Server API","20","","0","GET:8","@/lib/seed-market; next/server","Source indexed. Runtime coverage is feature/state sampling; see report and dialog inventory."
"app/api/share/create/route.ts","Server API","111","","0","cleanOptionalString:13; cleanRequiredString:20; cleanTxHash:27; POST:33","next/server; @/lib/request-rate-limit; @/lib/redis; @/lib/types; nanoid; viem","Source indexed. Runtime coverage is feature/state sampling; see report and dialog inventory."
"app/api/spin/commit-state/route.ts","Server API","120","","0","buildKey:11; normalizeAddress:15; normalizePlantId:19; buildCommitStateMessage:27; parseStoredBlock:31; GET:36; POST:57","next/server; @/lib/base-rpc; @/lib/redis; viem","Source indexed. Runtime coverage is feature/state sampling; see report and dialog inventory."
"app/api/staking/balance/route.ts","Server API","43","","0","GET:4","next/server; @/lib/contracts","Source indexed. Runtime coverage is feature/state sampling; see report and dialog inventory."
"app/api/staking/info/route.ts","Server API","56","","0","GET:4","next/server; @/lib/contracts","Source indexed. Runtime coverage is feature/state sampling; see report and dialog inventory."
"app/api/status/checks/route.ts","Server API","42","","0","GET:8","next/server; @/lib/status-checks; @/lib/notifications/cron-auth; @/lib/status-snapshot","Source indexed. Runtime coverage is feature/state sampling; see report and dialog inventory."
"app/api/swap/build-step/route.ts","Server API","119","","0","reject:31; POST:35","next/server; zod; viem; @/lib/swap/engine; @/lib/swap/constants; @/lib/swap/quote-token; @/lib/request-rate-limit; @/lib/swap/api-errors","Source indexed. Runtime coverage is feature/state sampling; see report and dialog inventory."
"app/api/swap/quote/route.ts","Server API","112","","0","POST:35","next/server; zod; viem; @/lib/swap/engine; @/lib/swap/constants; @/lib/swap/quote-token; @/lib/request-rate-limit; @/lib/swap/api-errors","Source indexed. Runtime coverage is feature/state sampling; see report and dialog inventory."
"app/api/verify/check/route.ts","Server API","277","","0","POST:46","next/server; @/lib/redis; @/lib/trait-validator; @/lib/verify-claim-records; @/lib/verify-claim-principal; @/lib/request-rate-limit","Source indexed. Runtime coverage is feature/state sampling; see report and dialog inventory."
"app/api/verify/claim/route.ts","Server API","608","","0","getClient:41; errorMessage:103; operationHash:107; recoveryResponse:117; POST:133","@coinbase/cdp-sdk; next/server; viem; @/lib/base-rpc; @/lib/contracts; @/lib/verify-claim-config; @/lib/verify-claim-records","Source indexed. Runtime coverage is feature/state sampling; see report and dialog inventory."
"app/api/verify/status/route.ts","Server API","149","","0","GET:38","next/server; viem; @/lib/base-rpc; @/lib/contracts; @/lib/verify-claim-config; @/lib/verify-claim-records","Source indexed. Runtime coverage is feature/state sampling; see report and dialog inventory."
"app/api/version/route.ts","Server API","25","","0","GET:9","next/server; @/package.json; @/lib/env-config","Source indexed. Runtime coverage is feature/state sampling; see report and dialog inventory."
"app/api/webhook/route.ts","Server API","114","","0","verifyWebhookEvent:10; POST:72","next/server; @/lib/notification; crypto; @/lib/env-config; @farcaster/miniapp-node","Source indexed. Runtime coverage is feature/state sampling; see report and dialog inventory."
"app/core-providers.tsx","Route or app infrastructure","23","","0","CoreProviders:10","react; @/components/theme-initializer; @/components/server-theme-provider; @/components/ui/app-toaster","Source indexed. Runtime coverage is feature/state sampling; see report and dialog inventory."
"app/error.tsx","Route or app infrastructure","83","","0","Error:9","react; @/components/ui/button; @/components/ui/card; next/image; @vercel/analytics","Source indexed. Runtime coverage is feature/state sampling; see report and dialog inventory."
"app/fonts.ts","Route or app infrastructure","58","","0","","next/font/local","Source indexed. Runtime coverage is feature/state sampling; see report and dialog inventory."
"app/global-error.tsx","Route or app infrastructure","94","","0","GlobalError:14","react; @/components/ui/button; @/components/ui/card; next/image; @vercel/analytics; ./globals.css; ./fonts","Source indexed. Runtime coverage is feature/state sampling; see report and dialog inventory."
"app/globals.css","Route or app infrastructure","1902","","0","","tailwindcss","Source indexed. Runtime coverage is feature/state sampling; see report and dialog inventory."
"app/join/route.ts","Route or app infrastructure","7","","0","GET:4","next/server; @/lib/pixotchi-links","Source indexed. Runtime coverage is feature/state sampling; see report and dialog inventory."
"app/layout.tsx","Route or app infrastructure","213","","0","generateMetadata:21; RootLayout:157","next; ./ock-compat.css; ./globals.css; @vercel/analytics/next; ./fonts; @/lib/theme-utils","Source indexed. Runtime coverage is feature/state sampling; see report and dialog inventory."
"app/not-found.tsx","Route or app infrastructure","41","","0","NotFound:5","next/image; next/link; @/components/ui/button","Source indexed. Runtime coverage is feature/state sampling; see report and dialog inventory."
"app/ock-compat.css","Route or app infrastructure","26","","0","","","Source indexed. Runtime coverage is feature/state sampling; see report and dialog inventory."
"app/providers.tsx","Route or app infrastructure","832","260; 346","0","isMobileWalletBrowser:95; toSolanaRpcSubscriptionsUrl:103; loadPrivySolanaBootstrap:129; loadWagmiConfig:170; resolveWagmiConfigKey:182; loadSlideshowDialog:197; loadTasksDialog:209; DeferredSlideshowModal:221; DeferredTasksInfoDialog:282; DeferredSnowEffect:368; createQueryClient:373; WagmiRouter:388; Providers:471; useMiniAppReadySignal:687; MiniAppReadySignal:731; ProvidersContent:736","react; wagmi/chains; @/lib/paymaster-context; @/lib/eth-mode-context; @/lib/smart-wallet-context; @tanstack/react-query; @privy-io/react-auth; wagmi; @privy-io/wagmi; @/lib/frame-context; @/lib/host-environment; next/dynamic; @/lib/balance-context; @/components/owner-resource-query-sync; @/components/theme-initializer; @/components/server-theme-provider; @/components/ui/error-boundary; @/components/secret-garden-listener; @/lib/snow-context; @/lib/ambient-audio-context; @/lib/session-storage-manager; @/components/solana/SolanaWalletProvider; @/lib/solana-constants; @/components/chat/chat-context; @/components/ui/app-toaster; @/components/ui/performance-mode; @/components/ui/scroll-fade-controller; @/components/tutorial/SlideshowProvider; @/lib/app-events; @/components/ui/button; @/components/ui/dialog; @/lib/auth-surface; @/lib/confirmed-miniapp-session","Source indexed. Runtime coverage is feature/state sampling; see report and dialog inventory."
"app/share/m/[id]/error.tsx","Route or app infrastructure","18","","0","MintShareError:5","@/components/ui/button","Source indexed. Runtime coverage is feature/state sampling; see report and dialog inventory."
"app/share/m/[id]/loading.tsx","Route or app infrastructure","14","","0","MintShareLoading:1","","Source indexed. Runtime coverage is feature/state sampling; see report and dialog inventory."
"app/share/m/[id]/page.tsx","Route or app infrastructure","174","","0","throwShareUnavailable:27; getOgImageUrl:31; generateMetadata:43; ShortMintSharePage:126","@/lib/redis; @/lib/types; @/components/ui/button; next; next/image; next/navigation; react","Source indexed. Runtime coverage is feature/state sampling; see report and dialog inventory."
"app/sitemap.ts","Route or app infrastructure","19","","0","sitemap:4","next","Source indexed. Runtime coverage is feature/state sampling; see report and dialog inventory."
"app/status/layout.tsx","Route or app infrastructure","7","","0","StatusLayout:4","react; ../core-providers","Source indexed. Runtime coverage is feature/state sampling; see report and dialog inventory."
"app/status/loading.tsx","Route or app infrastructure","16","","0","StatusLoading:1","","Source indexed. Runtime coverage is feature/state sampling; see report and dialog inventory."
"app/status/page.tsx","Route or app infrastructure","38","","0","StatusPage:26","next; @/lib/env-config; @/lib/status-checks; @/lib/status-snapshot; @/components/status/StatusPageClient","Source indexed. Runtime coverage is feature/state sampling; see report and dialog inventory."
"components/activity/activity-filter-bar.tsx","Feature UI","80","","2","ActivityFilterBar:40","@/components/ui/toggle-group; @/lib/activity-filters; @/lib/utils","Source indexed. Runtime coverage is feature/state sampling; see report and dialog inventory."
"components/activity/event-renderers.tsx","Feature UI","634","","0","subscribeSlowTick:30; useSlowTick:46","@/hooks/useTokenMetadata; @/lib/activity-filters; @/lib/types; @/lib/constants; @/lib/types; @/lib/utils; date-fns; lucide-react; next/image; react","Source indexed. Runtime coverage is feature/state sampling; see report and dialog inventory."
"components/activity/index.ts","Feature UI","3","","0","","","Source indexed. Runtime coverage is feature/state sampling; see report and dialog inventory."
"components/ai-elements/message.tsx","Feature UI","40","","0","","@streamdown/cjk; @streamdown/code; @streamdown/math; @streamdown/mermaid; react; streamdown; @/lib/utils","Source indexed. Runtime coverage is feature/state sampling; see report and dialog inventory."
"components/airdrop-claim-card.tsx","Feature UI","468","","0","AirdropClaimCard:29; fetchStatus:61","react; @/components/ui/button; wagmi; @/components/ui/button; lucide-react; react-hot-toast; next/image; @/components/ui/pixel-container; @/lib/airdrop-claim-polling; @/lib/owner-resource-invalidation","Source indexed. Runtime coverage is feature/state sampling; see report and dialog inventory."
"components/app-update-banner.tsx","Feature UI","145","","0","AppUpdateBanner:21","react; lucide-react; @/components/ui/button; @/components/ui/refresh-icon; @/lib/env-config","Source indexed. Runtime coverage is feature/state sampling; see report and dialog inventory."
"components/arcade/ArcadeDialog.tsx","Feature UI","1713","1332; 1349","1","buildCommitStateMessage:103; createCommitment:107; getSpinStorage:115; getArcadeToneClassName:173; ArcadeStatLine:183; ArcadeDialog:202","@/components/paymaster-toggle; @/components/solana; @/components/transactions/box-game-transaction; @/components/transactions/spin-game-transaction; @/components/transactions/transaction-kit; @/components/ui/button; @/components/ui/dialog; @/components/ui/premium; @/components/ui/toggle-group; @/lib/base-rpc; @/lib/contracts; @/lib/paymaster-context; @/lib/owner-resource-invalidation; @/lib/smart-wallet-context; @/lib/spin-game-events; @/lib/spin-pending-storage; @/lib/types; @/lib/utils; next/image; react; react-hot-toast; viem; wagmi","Source indexed. Runtime coverage is feature/state sampling; see report and dialog inventory."
"components/auth/surface-switch-buttons.tsx","Feature UI","121","","0","BaseAccountSurfaceButton:17; SolanaSurfaceButton:70","react; @base-org/account-ui/react; next/image; next-themes; react-hot-toast; lucide-react; @/components/ui/button; @/lib/auth-surface; @/lib/solana-auth-availability","Source indexed. Runtime coverage is feature/state sampling; see report and dialog inventory."
"components/balance-card.tsx","Feature UI","455","","0","createEmptyProfileSnapshot:31; BalanceCard:51","@/components/solana; @/components/ui/button; @/components/ui/card; @/components/ui/refresh-icon; @/components/ui/skeleton; @/lib/balance-context; @/lib/contracts; @/lib/solana-bridge-executor; @/lib/utils; next/image; react; wagmi; ./ui/pixel-container","Source indexed. Runtime coverage is feature/state sampling; see report and dialog inventory."
"components/broadcast-message-modal.tsx","Feature UI","181","109","0","BroadcastMessageModal:56","react; @/components/ui/dialog; @/components/ui/button; @/components/ui/alert; lucide-react; @/lib/broadcast-service; @/lib/open-external","Source indexed. Runtime coverage is feature/state sampling; see report and dialog inventory."
"components/building-details/BarracksPanelV2.tsx","Feature UI","1484","","6","getTroopOption:109; troopIdFromNumeric:113; troopNumericType:117; getTroopConfig:121; parsePositiveBigInt:126; parseOptionalBigInt:132; secondsUntil:139; formatRemaining:146; formatCooldownState:151; formatSigned:156; formatBarracksPoints:161; formatBarracksLifetime:165; formatDurationFromBigInt:172; formatQueueHint:189; formatPercentFromBps:195; isProductionBuilding:203; getHomeDefenseBonusBps:211; formatLandLabel:228; formatCoordinates:233; hasReport:237; getPreviewMessage:241; StatTile:272; TroopCount:290; BattleReportTable:313; ReportCard:368; BarracksPanelV2:457; loadPreview:777","react; next/image; wagmi; lucide-react; @/components/ui/button; @/components/ui/input; @/components/ui/dropdown-menu; @/components/ui/toggle-group; @/components/ui/premium; @/components/transactions/approve-transaction; @/components/transactions/disabled-transaction; @/components/transactions/game-transaction; @/hooks/useTokenMetadata; @/hooks/useTokenSymbol; @/lib/contracts; @/lib/env-config; @/lib/transaction-refresh; @/lib/types; @/lib/utils; react-hot-toast","Source indexed. Runtime coverage is feature/state sampling; see report and dialog inventory."
"components/building-details/CasinoPanel.tsx","Feature UI","729","","0","CasinoTokenLabel:75; CasinoPanel:100","react; next/image; @/components/ui/button; @/components/ui/dropdown-menu; lucide-react; @/lib/contracts; @/lib/utils; @/components/transactions/game-transaction; @/components/transactions/approve-transaction; @/components/transactions/disabled-transaction; @/components/transactions/CasinoDialog; @/components/transactions/BlackjackDialog; @/components/transactions/BaccaratDialog; @/components/ui/premium; react-hot-toast; wagmi; @/hooks/useTokenMetadata; @/hooks/useTokenSymbol; @/lib/casino-client","Source indexed. Runtime coverage is feature/state sampling; see report and dialog inventory."
"components/building-details/FarmerHousePanel.tsx","Feature UI","364","","1","FarmerHousePanel:31","@/components/transactions/game-transaction; @/hooks/useDocumentVisible; @/components/ui/progress-bar; @/components/ui/toggle-group; @/hooks/useQuestRewardsAvailability; @/lib/contracts; @/lib/mission-tracking; @/lib/tab-visibility-context; @/lib/transaction-utils; @/public/abi/pixotchi-v3-abi; react; react-hot-toast; @/components/ui/button; @/lib/quest-ui; wagmi","Source indexed. Runtime coverage is feature/state sampling; see report and dialog inventory."
"components/building-details/MarketplacePanel.tsx","Feature UI","28","","0","MarketplacePanel:11","react; @/components/ui/button; @/components/transactions/marketplace-dialog","Source indexed. Runtime coverage is feature/state sampling; see report and dialog inventory."
"components/building-details/ProductionPanel.tsx","Feature UI","94","","0","ProductionPanel:18","react; wagmi; @/lib/types; @/lib/utils; @/components/transactions/building-claim-transaction; react-hot-toast; @/lib/transaction-utils; @/lib/mission-tracking","Source indexed. Runtime coverage is feature/state sampling; see report and dialog inventory."
"components/building-details/StakeHousePanel.tsx","Feature UI","29","","0","StakeHousePanel:7","react; @/components/ui/button; @/lib/app-events","Source indexed. Runtime coverage is feature/state sampling; see report and dialog inventory."
"components/building-details/UpgradePanel.tsx","Feature UI","225","","0","UpgradePanel:34","react; @/lib/types; @/lib/utils; @/lib/paymaster-context; @/components/paymaster-toggle; @/lib/smart-wallet-context; @/components/transactions/building-upgrade-transaction; @/components/transactions/building-speedup-transaction; @/components/transactions/disabled-transaction; @/components/transactions/leaf-approve-transaction; react-hot-toast; @/components/ui/premium; @/components/ui/button; @/components/ui/progress-bar; @/lib/balance-context; @/components/transactions/approve-transaction; @/lib/contracts; @/lib/transaction-refresh","Source indexed. Runtime coverage is feature/state sampling; see report and dialog inventory."
"components/building-details/WarehousePanel.tsx","Feature UI","310","","2","WarehousePanel:26","@/components/countdown-timer; @/components/PlantImage; @/components/transactions/warehouse-apply-transaction; @/components/ui/button; @/components/ui/dropdown-menu; @/components/ui/input; @/lib/contracts; @/lib/mission-tracking; @/lib/transaction-utils; @/lib/types; @/lib/utils; lucide-react; react; react-hot-toast; wagmi","Source indexed. Runtime coverage is feature/state sampling; see report and dialog inventory."
"components/building-details-panel.tsx","Feature UI","243","","0","BuildingDetailsPanel:42","react; @/lib/types; @/lib/env-config; @/lib/utils; @/components/ui/button; @/components/ui/card; next/image; lucide-react; ./building-info-dialog; ./building-details/UpgradePanel; ./building-details/ProductionPanel; ./building-details/WarehousePanel; ./building-details/FarmerHousePanel; ./building-details/MarketplacePanel; ./building-details/StakeHousePanel; ./building-details/CasinoPanel; ./building-details/BarracksPanelV2","Source indexed. Runtime coverage is feature/state sampling; see report and dialog inventory."
"components/building-grid.tsx","Feature UI","169","","0","BuildingGrid:113","@/components/ui/empty-state; lucide-react; @/lib/env-config; @/lib/types; @/lib/utils; next/image; react","Source indexed. Runtime coverage is feature/state sampling; see report and dialog inventory."
"components/building-info-dialog.tsx","Feature UI","614","416","1","formatBarracksPoints:159; formatBarracksXp:163; formatPercentFromBps:167; InfoSection:172; InfoRows:187; InfoRow:195; BarracksTroopTile:214; BarracksInfoContent:264; loadConfig:272; BuildingInfoDialog:382","react; next/image; @/components/ui/dialog; @/lib/types; @/lib/utils; @/components/ui/toggle-group; @/lib/contracts","Source indexed. Runtime coverage is feature/state sampling; see report and dialog inventory."
"components/chat/ai-chat-engine.tsx","Feature UI","83","","0","AiChatEngine:30","@ai-sdk/react; ai; react; ./ai-message-utils","Source indexed. Runtime coverage is feature/state sampling; see report and dialog inventory."
"components/chat/ai-message-utils.ts","Feature UI","107","","0","getAIUIMessageText:31; storedAIMessageToUIMessage:38; uiMessageToAIChatMessage:65","ai; @/lib/types","Source indexed. Runtime coverage is feature/state sampling; see report and dialog inventory."
"components/chat/ai-typing-indicator.tsx","Feature UI","20","","0","AITypingIndicator:5","lucide-react","Source indexed. Runtime coverage is feature/state sampling; see report and dialog inventory."
"components/chat/chat-button.tsx","Feature UI","111","","0","ChatButton:19","react; @/components/ui/button; wagmi; next/image; next/dynamic; @/components/solana; ./chat-context","Source indexed. Runtime coverage is feature/state sampling; see report and dialog inventory."
"components/chat/chat-context.tsx","Feature UI","1681","","0","loadFarcasterSdk:58; delay:99; normalizeBaseAuthSurface:110; isBaseAuthBootstrapPending:114; waitForBaseAuthBootstrap:127; getPublicChatFetchGate:147; ChatProvider:167; useChat:1674","react; next/dynamic; @privy-io/react-auth; react-hot-toast; wagmi; @/lib/frame-context; @/lib/chat-auth-client; @/lib/base-chat-session-refresh; @/lib/public-chat-session-refresh; @/lib/confirmed-miniapp-session; @/lib/farcaster-miniapp-auth-client; @/lib/chat-preferences; @/lib/auth-surface; @/lib/session-storage-manager; @/lib/types; @/components/solana; ./ai-message-utils","Source indexed. Runtime coverage is feature/state sampling; see report and dialog inventory."
"components/chat/chat-dialog.tsx","Feature UI","133","64","1","DesktopChatPane:19; ChatDialogContent:57; ChatDialog:126","react; @/components/ui/dialog; @/hooks/useMediaQuery; ./chat-context; ./chat-messages; ./chat-input; ./ai-typing-indicator; @/components/ui/toggle-group; next/image; @/lib/types","Source indexed. Runtime coverage is feature/state sampling; see report and dialog inventory."
"components/chat/chat-input.tsx","Feature UI","114","","1","ChatInput:14","react; ./chat-context; @/components/ui/button; @/components/ui/input; lucide-react; @/lib/types","Source indexed. Runtime coverage is feature/state sampling; see report and dialog inventory."
"components/chat/chat-message.tsx","Feature UI","205","","0","formatRelativeShort:22; ChatMessageComponent:70","react; @/lib/types; date-fns; wagmi; @/components/hooks/usePrimaryName; lucide-react; @/lib/utils; @/lib/mission-tracking; @/components/ui/button; next/dynamic","Source indexed. Runtime coverage is feature/state sampling; see report and dialog inventory."
"components/chat/chat-messages.tsx","Feature UI","243","","0","ChatMessages:19","react; ./chat-message; ./chat-profile-dialog; ./chat-context; @/components/ui/loading; @/components/ui/button; @/components/ui/refresh-icon; next/image; @/lib/types","Source indexed. Runtime coverage is feature/state sampling; see report and dialog inventory."
"components/chat/chat-profile-dialog.tsx","Feature UI","125","","0","ChatProfileDialog:23","react; @/components/efp-transaction-boundary; @/components/plant-profile-dialog; @/lib/types; @/lib/contracts","Source indexed. Runtime coverage is feature/state sampling; see report and dialog inventory."
"components/chat/index.ts","Feature UI","11","","0","","","Source indexed. Runtime coverage is feature/state sampling; see report and dialog inventory."
"components/countdown-timer.tsx","Feature UI","32","","0","CountdownTimer:13","@/hooks/useCountdown; next/image","Source indexed. Runtime coverage is feature/state sampling; see report and dialog inventory."
"components/edit-land-name.tsx","Feature UI","154","109","1","EditLandName:34","react; wagmi; @/components/ui/button; @/components/ui/input; @/components/ui/dialog; react-hot-toast; next/image; @/lib/types; @/components/transactions/land-name-transaction; @/lib/asset-name-rules","Source indexed. Runtime coverage is feature/state sampling; see report and dialog inventory."
"components/edit-plant-name.tsx","Feature UI","446","291","1","EditPlantName:64","@/components/solana; @/components/transactions/approval-action-transaction; @/components/transactions/solana-bridge-button; @/components/transactions/swap-plant-name-bundle; @/components/ui/button; @/components/ui/dialog; @/components/ui/input; @/components/ui/premium; @/lib/asset-name-rules; @/lib/balance-context; @/lib/contracts; @/lib/eth-mode-context; @/lib/smart-wallet-context; @/lib/types; @/lib/utils; next/image; react; react-hot-toast; wagmi","Source indexed. Runtime coverage is feature/state sampling; see report and dialog inventory."
"components/efp-transaction-boundary.tsx","Feature UI","837","636","0","shouldRedirectBaseDefaultRpc:77; redirectFetchInput:94; installEfpBaseRpcRedirect:128; getSubmittedProof:173; isSuccessfulReceipt:184; isFailedReceipt:189; useDurableEfpWorkflow:194; SafeEfpTransactionModal:216; EfpTransactionLifecycle:777; EfpTransactionBoundary:805","react; ethereum-identity-kit; lucide-react; react-hot-toast; viem; wagmi; ethereum-identity-kit/css; @/components/transactions/transaction-kit; @/components/transactions/global-transaction-toast; @/components/ui/button; @/components/ui/dialog; @/lib/base-rpc; @/lib/builder-code; @/lib/efp-transaction-workflow; @/lib/pending-evm-transaction; @/lib/rpc-transport; @/lib/transaction-utils","Source indexed. Runtime coverage is feature/state sampling; see report and dialog inventory."
"components/fence-timer.tsx","Feature UI","36","","0","FenceTimer:13","next/image; @/hooks/useCountdown","Source indexed. Runtime coverage is feature/state sampling; see report and dialog inventory."
"components/hooks/createBatchedAddressResolver.ts","Hook","156","","0","createBatchedAddressResolver:31; store:46; getCached:55; notifySubscribers:65; flushQueue:73; enqueue:112; waitForResult:132","","Source indexed. Runtime coverage is feature/state sampling; see report and dialog inventory."
"components/hooks/useEnsAvatar.ts","Hook","92","","0","makeInitialState:22; useEnsAvatar:33","react; viem; ./createBatchedAddressResolver","Source indexed. Runtime coverage is feature/state sampling; see report and dialog inventory."
"components/hooks/usePrimaryName.ts","Hook","86","","0","makeInitialState:22; usePrimaryName:33","react; viem; ./createBatchedAddressResolver","Source indexed. Runtime coverage is feature/state sampling; see report and dialog inventory."
"components/item-details-panel.tsx","Feature UI","889","","1","ItemDetailsPanel:57","@/components/paymaster-toggle; @/components/solana; @/components/transactions/approval-action-transaction; @/components/transactions/bundle-buy-transaction; @/components/transactions/buy-item-transaction; @/components/transactions/disabled-transaction; @/components/transactions/solana-bridge-button; @/components/transactions/game-transaction; @/components/transactions/swap-buy-item-bundle; @/components/transactions/swap-fence-purchase-bundle; @/components/ui/card; @/components/ui/input; @/components/ui/premium; @/components/ui/skeleton; @/lib/contracts; @/lib/contracts; @/lib/balance-context; @/components/ui/button; @/lib/eth-mode-context; @/lib/mission-tracking; @/lib/paymaster-context; @/lib/smart-wallet-context; @/lib/solana-quote; @/lib/transaction-utils; @/lib/types; @/lib/utils; next/image; react; react-hot-toast; wagmi","Source indexed. Runtime coverage is feature/state sampling; see report and dialog inventory."
"components/LandImage.tsx","Feature UI","95","","0","","@/lib/types; @/lib/utils; react; react-dom","Source indexed. Runtime coverage is feature/state sampling; see report and dialog inventory."
"components/login-hero.tsx","Feature UI","58","","0","LoginHero:15; LoginIntro:32; LoginHeroPanel:44","next/image","Source indexed. Runtime coverage is feature/state sampling; see report and dialog inventory."
"components/map/land-map-canvas.tsx","Feature UI","587","","0","isNormalMintedLandId:19; LandMapCanvas:23","@/lib/land-utils; @/lib/types; react","Source indexed. Runtime coverage is feature/state sampling; see report and dialog inventory."
"components/map/land-map-modal.tsx","Feature UI","512","233","0","useExitPresence:33; LandMapModal:84","@/components/chat/chat-profile-dialog; @/lib/utils; @/components/hooks/usePrimaryName; @/components/ui/button; @/components/ui/dialog; @/components/ui/performance-mode; @/lib/contracts; @/lib/land-utils; @/lib/types; lucide-react; next/image; react; ./land-map-canvas","Source indexed. Runtime coverage is feature/state sampling; see report and dialog inventory."
"components/mint-share-modal.tsx","Feature UI","344","225","1","MintShareModal:38","@/components/ui/button; @/components/ui/dialog; @/lib/frame-context; @/lib/open-external; @/lib/types; @farcaster/miniapp-sdk; lucide-react; next/image; react; react-hot-toast","Source indexed. Runtime coverage is feature/state sampling; see report and dialog inventory."
"components/owner-resource-query-sync.tsx","Feature UI","20","","0","OwnerResourceQuerySync:8","react; @tanstack/react-query; @/lib/owner-resource-invalidation; @/lib/owner-resource-query-cache","Source indexed. Runtime coverage is feature/state sampling; see report and dialog inventory."
"components/paymaster-toggle.tsx","Feature UI","34","","0","SponsoredBadge:20","lucide-react; @/lib/utils","Source indexed. Runtime coverage is feature/state sampling; see report and dialog inventory."
"components/plant-profile-dialog.tsx","Feature UI","668","440","0","formatCount:66; PlantProfileDialog:72","react; @/lib/clipboard; @/components/ui/dialog; @/components/ui/button; @/components/ui/skeleton; lucide-react; next/image; @/components/PlantImage; @/lib/user-stats-service; @/lib/contracts; @/lib/utils; @/lib/open-external; @/components/hooks/usePrimaryName; react-hot-toast; @/lib/types; @/lib/efp-service; wagmi; ethereum-identity-kit; ethereum-identity-kit/css; @tanstack/react-query; @/lib/mission-tracking; @/components/ui/wallet-avatar; @/lib/efp-transaction-workflow","Source indexed. Runtime coverage is feature/state sampling; see report and dialog inventory."
"components/PlantImage.tsx","Feature UI","167","","0","PlantImageAsset:38","@/lib/types; @/lib/utils; next/image; react","Source indexed. Runtime coverage is feature/state sampling; see report and dialog inventory."
"components/quantity-selector.tsx","Feature UI","73","","0","QuantitySelector:15","react; @/components/ui/button; lucide-react","Source indexed. Runtime coverage is feature/state sampling; see report and dialog inventory."
"components/secret-garden-listener.tsx","Feature UI","79","","0","SecretGardenListener:12","react; @/components/secret-garden-overlay","Source indexed. Runtime coverage is feature/state sampling; see report and dialog inventory."
"components/secret-garden-overlay.tsx","Feature UI","536","","0","SecretGardenOverlay:93","react; react-dom; @/components/ui/button; @/components/ui/performance-mode","Source indexed. Runtime coverage is feature/state sampling; see report and dialog inventory."
"components/server-theme-provider.tsx","Feature UI","34","","0","ServerThemeProvider:14","next-themes","Source indexed. Runtime coverage is feature/state sampling; see report and dialog inventory."
"components/solana/index.ts","Feature UI","23","","0","","","Source indexed. Runtime coverage is feature/state sampling; see report and dialog inventory."
"components/solana/PrivySolanaWalletIdentity.tsx","Feature UI","71","","0","PrivySolanaWalletIdentity:23","react; @privy-io/react-auth; @privy-io/react-auth/solana; @/lib/solana-constants","Source indexed. Runtime coverage is feature/state sampling; see report and dialog inventory."
"components/solana/SolanaGate.tsx","Feature UI","58","","0","SolanaNotSupported:9; SolanaBridgeBadge:47","@/hooks/useSolanaWallet; @/components/ui/badge","Source indexed. Runtime coverage is feature/state sampling; see report and dialog inventory."
"components/solana/SolanaWalletProvider.tsx","Feature UI","86","","0","SolanaWalletProvider:57","react; next/dynamic; @/lib/solana-wallet-context; @/hooks/useAuthSurface; ./PrivySolanaWalletIdentity","Source indexed. Runtime coverage is feature/state sampling; see report and dialog inventory."
"components/staking/staking-dialog.tsx","Feature UI","680","434","2","formatToken:77; StakingDialog:86","react; wagmi; @/components/ui/dialog; @/components/ui/alert; @/components/ui/button; @/components/ui/input; @/components/ui/refresh-icon; @/lib/contracts; @/components/transactions/game-transaction; next/image; @/lib/utils; viem; @/components/ui/toggle-group; @/lib/transaction-utils; @/lib/mission-tracking; @/lib/app-events","Source indexed. Runtime coverage is feature/state sampling; see report and dialog inventory."
"components/status/StatusBadge.tsx","Feature UI","27","","0","StatusBadge:19","@/lib/status-checks; @/lib/utils; @/components/ui/premium","Source indexed. Runtime coverage is feature/state sampling; see report and dialog inventory."
"components/status/StatusCard.tsx","Feature UI","97","","0","StatusCard:41","@/lib/status-checks; @/lib/utils; lucide-react; ./StatusBadge","Source indexed. Runtime coverage is feature/state sampling; see report and dialog inventory."
"components/status/StatusPageClient.tsx","Feature UI","167","","0","StatusPageClient:18","@/components/theme-selector; @/components/ui/alert; @/components/ui/button; @/lib/status-checks; lucide-react; next/image; react; ./StatusCard","Source indexed. Runtime coverage is feature/state sampling; see report and dialog inventory."
"components/status-bar.tsx","Feature UI","371","","0","TasksRockIcon:18; StakeTokenCycleIcon:31; trimCompactNumber:52; formatTokenShort:56; formatTokenDetailed:71; StatusBar:98","react; next/image; next/dynamic; ./ui/skeleton; @/lib/balance-context; viem; wagmi; @/components/solana; @/lib/gamification-client; @/lib/app-events; ./ui/button","Source indexed. Runtime coverage is feature/state sampling; see report and dialog inventory."
"components/tabs/about-tab.tsx","Feature UI","298","193","1","AboutTab:38","@/components/tutorial; @/components/ui/button; @/components/ui/card; @/components/ui/dialog; @/components/ui/loading; @/components/ui/textarea; @/lib/frame-context; @/lib/open-external; @/lib/smart-wallet-context; @/package.json; lucide-react; react; react-hot-toast; wagmi","Source indexed. Runtime coverage is feature/state sampling; see report and dialog inventory."
"components/tabs/activity-tab.tsx","Feature UI","835","","1","bundleItemConsumedEvents:83; isActivityFilterActive:120; getEmptyFeedMessage:124; ActivityTab:140","react; wagmi; @/components/ui/button; @/components/ui/card; @/components/ui/loading; @/components/ui/pagination-footer; @/lib/tab-visibility-context; @/lib/activity-client; @/lib/activity-filters; @/lib/types; @/components/ui/alert; lucide-react; @/components/activity; @/components/ui/toggle-group; @/hooks/useItemCatalogs; @/components/solana; @/lib/frame-context; @/hooks/useWebQueryState; @/hooks/useMediaQuery; @/lib/utils","Source indexed. Runtime coverage is feature/state sampling; see report and dialog inventory."
"components/tabs/dashboard-tab.tsx","Feature UI","76","","1","DashboardTab:31; LandsVisitGate:69","react; @/components/ui/toggle-group; @/components/ui/skeleton; @/components/ui/card; lucide-react; @/lib/farm-view-context; next/dynamic; ./plants-view","Source indexed. Runtime coverage is feature/state sampling; see report and dialog inventory."
"components/tabs/lands-view.tsx","Feature UI","1299","","1","approvalFetchIdentityMatches:91; buildingFetchIdentityMatches:102; readLocalStorage:116; writeLocalStorage:125; didLandSnapshotChange:134; readStoredBigInt:146; readStoredNumber:156; readStoredBuildingType:163; UtilityBuildingTile:172; LandsView:227; LandsViewContent:242","@/components/ui/button; @tanstack/react-query; @/components/ui/empty-state; @/components/ui/card; @/components/ui/skeleton; @/components/ui/asset-carousel-button; @/components/ui/dropdown-menu; @/lib/contracts; @/lib/env-config; @/lib/owner-resource-invalidation; @/lib/query-keys; @/lib/types; @/lib/utils; next/dynamic; next/image; react; wagmi; @/components/building-grid; @/components/edit-land-name; @/components/solana; @/components/ui/toggle-group; @/hooks/useLandMap; @/hooks/useOwnerResourceList; lucide-react; ../LandImage; @/lib/smart-wallet-context; @/lib/tab-visibility-context; @/hooks/useDocumentVisible; @/hooks/useMediaQuery","Source indexed. Runtime coverage is feature/state sampling; see report and dialog inventory."
"components/tabs/leaderboard-tab.tsx","Feature UI","2155","1657; 1897; 2057; 2128","5","getTotalPages:103; formatAttackScoreDelta:107; getBoundedPage:113; getPageRows:117; splitDesktopRows:123; getRankRangeLabel:130; hasActiveFence:137; isDead:142; nowSec:146; LeaderboardTab:150; scrollLeaderboardToTop:854; renderPagination:866; renderDesktopColumns:888; renderResponsiveRows:926; renderRankingState:965","@/components/paymaster-toggle; @/components/ui/empty-state; @/components/efp-transaction-boundary; @/components/plant-profile-dialog; @/components/PlantImage; @/components/solana; @/components/transactions/attack-transaction; @/components/transactions/kill-transaction; @/components/transactions/revive-transaction; @/components/ui/alert; @/components/ui/button; @/components/ui/card; @/components/ui/dialog; @/components/ui/dropdown-menu; @/components/ui/loading; @/components/ui/pagination-footer; @/components/ui/premium; @/components/ui/toggle-group; @/components/ui/wallet-avatar; @/hooks/useWebQueryState; @/hooks/useMediaQuery; @/lib/base-rpc; @/lib/contracts; @/lib/env-config; @/lib/frame-context; @/lib/gamification-client; @/lib/mission-tracking; @/lib/paymaster-context; @/lib/smart-wallet-context; @/lib/tab-visibility-context; @/lib/types; @/lib/utils; @/public/abi/PixotchiNFT.json; lucide-react; next/image; react; next/dynamic; react-hot-toast; viem; wagmi","Source indexed. Runtime coverage is feature/state sampling; see report and dialog inventory."
"components/tabs/mint-tab.tsx","Feature UI","1397","","0","MintTab:106","@/components/hooks/usePrimaryName; @/components/mint-share-modal; @/components/paymaster-toggle; @/components/solana; @/components/transactions/solana-bridge-button; @/components/transactions/approval-action-transaction; @/components/transactions/disabled-transaction; @/components/transactions/mint-transaction; @/components/transactions/swap-land-mint-bundle; @/components/transactions/swap-mint-bundle; @/components/ui/dropdown-menu; @/components/ui/progress-bar; @/components/ui/premium; @/components/verify-claim; @/lib/farm-view-context; @/lib/balance-context; @/lib/constants; @/lib/contracts; @/lib/env-config; @/lib/farcaster-miniapp-auth-client; @/lib/eth-mode-context; @/lib/frame-context; @/lib/paymaster-context; @/lib/smart-wallet-context; @/lib/tab-visibility-context; @/lib/types; @/lib/utils; lucide-react; next/image; react; react-hot-toast; wagmi; ../transactions/land-mint-transaction; ../ui/button; ../ui/badge; ../ui/card; ../ui/skeleton","Source indexed. Runtime coverage is feature/state sampling; see report and dialog inventory."
"components/tabs/pixotchi-swap-panel.strings.ts","Feature UI","46","","0","","","Source indexed. Runtime coverage is feature/state sampling; see report and dialog inventory."
"components/tabs/pixotchi-swap-panel.tsx","Feature UI","2310","","1","getSwapPendingIntentKey:161; isAbortError:165; throwIfAborted:169; waitForMonitorRetry:174; withMonitorAbort:189; isTransientStatus:225; humanizeSwapError:233; TokenSelector:258; formatEditableAmount:371; formatExecutionMessage:382; parseInputAmount:394; fetchJson:409; fetchSwapStep:434; PixotchiSwapPanel:444","react; next/image; react-hot-toast; lucide-react; viem; viem/chains; wagmi; @tanstack/react-query; @/lib/swap/gas; @/components/ui/dropdown-menu; @/components/ui/button; @/components/ui/premium; @/components/transactions/transaction-recovery-options; @/lib/swap/base-swap-abi; @/lib/swap/constants; @/lib/swap/rules; @/lib/swap/types; @/lib/paymaster-context; @/lib/smart-wallet-context; @/lib/tab-visibility-context; @/lib/base-rpc; @/lib/app-events; @/lib/builder-code; @/lib/mission-tracking; @/lib/transaction-utils; @/lib/pending-evm-transaction; @/lib/pending-evm-coordinator; @/lib/utils; @/lib/env-config; ./pixotchi-swap-panel.strings","Source indexed. Runtime coverage is feature/state sampling; see report and dialog inventory."
"components/tabs/plants-view.tsx","Feature UI","1053","738","1","isFenceShopItem:101; FittedEthRewardValue:106; didPlantSnapshotChange:158; PlantsView:172","@/components/edit-plant-name; @/components/transactions/approval-action-transaction; @/components/transactions/claim-rewards-transaction; @tanstack/react-query; @/lib/query-keys; @/components/ui/skeleton; @/components/ui/empty-state; @/components/paymaster-toggle; @/components/quantity-selector; @/components/solana; @/components/ui/button; @/components/ui/card; @/components/ui/dialog; @/components/ui/dropdown-menu; @/components/ui/asset-carousel-button; @/components/ui/input; @/components/ui/loading; @/components/ui/pixel-container; @/components/ui/premium; @/hooks/useItemCatalogs; @/hooks/useOwnerResourceList; @/lib/constants; @/lib/contracts; @/lib/paymaster-context; @/lib/owner-resource-invalidation; @/lib/smart-wallet-context; @/lib/tab-visibility-context; @/lib/types; @/lib/utils; lucide-react; next/image; next/dynamic; react; react-hot-toast; wagmi; ../PlantImage; ../countdown-timer; ../fence-timer","Source indexed. Runtime coverage is feature/state sampling; see report and dialog inventory."
"components/tabs/swap-tab.tsx","Feature UI","686","","1","SwapLockedState:44; getTokenInfoSections:60; TokenInfoPanel:103; formatUsd:292; formatSeedPriceUsd:313; formatPercent:323; totalTxns:329; DexScreenerBrandIcon:334; TradingViewBrandIcon:345; ChartAttribution:353; SeedMarketStats:381; SeedChartPanel:490; SwapTab:511","@/components/ui/button; @/lib/open-external; @/components/ui/card; @/components/ui/error-boundary; @/components/ui/toggle-group; @/lib/app-events; @/lib/env-config; @/lib/frame-context; @/hooks/useMediaQuery; @/lib/pixotchi-token-info; @/lib/seed-market; @/lib/swap/constants; @/lib/tab-visibility-context; @farcaster/miniapp-sdk; lucide-react; next/image; react; react-hot-toast; viem; wagmi; ./TradingViewWidget; ./pixotchi-swap-panel","Source indexed. Runtime coverage is feature/state sampling; see report and dialog inventory."
"components/tabs/TradingViewWidget.tsx","Feature UI","168","","0","TradingViewWidget:12","react; next-themes; @/components/ui/button; @/components/ui/performance-mode","Source indexed. Runtime coverage is feature/state sampling; see report and dialog inventory."
"components/tasks/TasksInfoDialog.tsx","Feature UI","352","322","0","MissionCard:29; TasksInfoDialog:67","react; @/components/ui/dialog; wagmi; next/image; @/lib/env-config; @/lib/gamification-client; @/lib/app-events; @/lib/gamification-types; @/lib/mission-tracking; lucide-react; @/components/ui/progress-bar","Source indexed. Runtime coverage is feature/state sampling; see report and dialog inventory."
"components/theme-initializer.tsx","Feature UI","45","","0","ThemeInitializer:14","react; next-themes; @/lib/theme-utils","Source indexed. Runtime coverage is feature/state sampling; see report and dialog inventory."
"components/theme-selector.tsx","Feature UI","269","","0","MenuSwitchItem:58; ThemeSelector:108","react; next-themes; lucide-react; @/components/ui/button; @/components/ui/dropdown-menu; @/lib/utils; @/lib/theme-utils; @/lib/snow-context; @/lib/ambient-audio-context; @/components/ui/performance-mode; react-hot-toast","Source indexed. Runtime coverage is feature/state sampling; see report and dialog inventory."
"components/transactions/approval-action-transaction.tsx","Transaction UI or controller","145","","0","ApprovalActionTransaction:47","react; @/lib/contracts; @/lib/smart-wallet-context; @/lib/types; ./smart-wallet-transaction; ./game-transaction; ./transaction-kit","Source indexed. Runtime coverage is feature/state sampling; see report and dialog inventory."
"components/transactions/approve-transaction.tsx","Transaction UI or controller","69","","0","ApproveTransaction:31","react; ./game-transaction; @/lib/contracts","Source indexed. Runtime coverage is feature/state sampling; see report and dialog inventory."
"components/transactions/attack-transaction.tsx","Transaction UI or controller","71","","0","AttackTransaction:34","react; ./game-transaction; @/lib/contracts; ./transaction-kit","Source indexed. Runtime coverage is feature/state sampling; see report and dialog inventory."
"components/transactions/baccarat-transaction.tsx","Transaction UI or controller","280","","0","BaccaratTransaction:148","react; ./game-transaction; @/lib/contracts; @/lib/base-rpc; @/public/abi/baccarat-abi; react-hot-toast; viem; ./transaction-kit; @/lib/transaction-utils; wagmi; @/lib/mission-tracking","Source indexed. Runtime coverage is feature/state sampling; see report and dialog inventory."
"components/transactions/BaccaratDialog.tsx","Transaction UI or controller","1004","681","1","BaccaratHandArea:116; BaccaratDialog:179","@/components/transactions/transaction-kit; @/components/ui/button; @/components/ui/dialog; @/components/ui/input; @/components/ui/PlayingCard; @/hooks/useTokenMetadata; @/lib/casino-bet-preferences; @/lib/casino-amount-input; @/lib/casino-client; @/lib/casino-pool-solvency; @/lib/casino-hardening-rules.mjs; @/lib/transaction-refresh; @/lib/contracts; @/lib/utils; @/public/abi/baccarat-abi; lucide-react; next/image; react; react-hot-toast; viem; wagmi; ./approve-transaction; ./baccarat-transaction","Source indexed. Runtime coverage is feature/state sampling; see report and dialog inventory."
"components/transactions/batch-claim-card.tsx","Transaction UI or controller","455","","0","BatchClaimCard:77","@/components/ui/card; @/components/ui/button; @/lib/balance-context; @/lib/contracts; @/lib/mission-tracking; @/lib/smart-wallet-context; @/lib/transaction-utils; @/lib/types; @/lib/utils; @/public/abi/pixotchi-v3-abi; lucide-react; next/image; react; react-hot-toast; viem; wagmi; ./smart-wallet-transaction","Source indexed. Runtime coverage is feature/state sampling; see report and dialog inventory."
"components/transactions/batch-quest-start-card.tsx","Transaction UI or controller","701","","1","formatBlocksAsDuration:100; soonestHint:113; getSubmittedIdentity:130; matchesSubmittedIdentity:138; BatchQuestStartCard:149","@/components/ui/card; @/components/ui/toggle-group; @/hooks/useQuestRewardsAvailability; @/lib/balance-context; @/lib/contracts; @/lib/mission-tracking; @/lib/quest-preferences; @/lib/smart-wallet-context; @/lib/transaction-refresh; @/lib/transaction-utils; @/lib/types; @/lib/utils; lucide-react; react; react-hot-toast; viem; wagmi; ./smart-wallet-transaction; ./transaction-kit","Source indexed. Runtime coverage is feature/state sampling; see report and dialog inventory."
"components/transactions/blackjack-transaction.tsx","Transaction UI or controller","658","","0","BlackjackTransaction:136","react; lucide-react; @/lib/paymaster-context; ./transaction-kit; ./transaction-kit; ./global-transaction-toast; @/lib/contracts; @/lib/farcaster-miniapp-auth-client; @/public/abi/blackjack-abi; react-hot-toast; viem; @/lib/transaction-utils; wagmi; @/lib/builder-code; @/lib/mission-tracking","Source indexed. Runtime coverage is feature/state sampling; see report and dialog inventory."
"components/transactions/BlackjackDialog.tsx","Transaction UI or controller","2065","1639","1","BlackjackDialog:258","@/components/ui/button; @/components/ui/dialog; @/components/ui/input; @/components/ui/PlayingCard; @/hooks/useTokenMetadata; @/lib/casino-bet-preferences; @/lib/casino-amount-input; @/lib/casino-client; @/lib/contracts; @/lib/utils; @/public/abi/blackjack-abi; lucide-react; next/image; react; react-hot-toast; wagmi; ./approve-transaction; ./blackjack-transaction; ./transaction-kit","Source indexed. Runtime coverage is feature/state sampling; see report and dialog inventory."
"components/transactions/box-game-transaction.tsx","Transaction UI or controller","166","","0","BoxGameTransaction:73","react; ./game-transaction; @/lib/contracts; @/public/abi/PixotchiNFT.json; viem; react-hot-toast; @/lib/utils; wagmi; @/lib/transaction-utils; @/lib/mission-tracking; ./transaction-kit","Source indexed. Runtime coverage is feature/state sampling; see report and dialog inventory."
"components/transactions/building-claim-transaction.tsx","Transaction UI or controller","50","","0","BuildingClaimTransaction:18","react; ./game-transaction; @/public/abi/pixotchi-v3-abi; @/lib/contracts","Source indexed. Runtime coverage is feature/state sampling; see report and dialog inventory."
"components/transactions/building-speedup-transaction.tsx","Transaction UI or controller","55","","0","BuildingSpeedUpTransaction:19","@/lib/contracts; @/lib/types; @/public/abi/pixotchi-v3-abi; ./game-transaction","Source indexed. Runtime coverage is feature/state sampling; see report and dialog inventory."
"components/transactions/building-upgrade-transaction.tsx","Transaction UI or controller","58","","0","BuildingUpgradeTransaction:21","react; ./game-transaction; @/lib/types; ../../public/abi/pixotchi-v3-abi; @/lib/contracts","Source indexed. Runtime coverage is feature/state sampling; see report and dialog inventory."
"components/transactions/bundle-buy-transaction.tsx","Transaction UI or controller","129","","0","BundleBuyTransaction:44","react; ./smart-wallet-transaction; wagmi; @/lib/types; @/lib/contracts; @/lib/transaction-utils; @/lib/mission-tracking","Source indexed. Runtime coverage is feature/state sampling; see report and dialog inventory."
"components/transactions/buy-item-transaction.tsx","Transaction UI or controller","119","","0","BuyShopItemTransaction:57; BuyGardenItemTransaction:94","react; ./game-transaction; @/lib/contracts; ./transaction-kit; @/lib/types","Source indexed. Runtime coverage is feature/state sampling; see report and dialog inventory."
"components/transactions/casino-transaction.tsx","Transaction UI or controller","303","","0","CasinoTransaction:106","react; ./game-transaction; @/lib/contracts; @/lib/casino-hardening-rules.mjs; @/lib/base-rpc; @/public/abi/casino-abi; react-hot-toast; viem; ./transaction-kit; @/lib/transaction-utils; wagmi; @/lib/mission-tracking","Source indexed. Runtime coverage is feature/state sampling; see report and dialog inventory."
"components/transactions/CasinoDialog.tsx","Transaction UI or controller","1322","940","1","getRouletteBetLabel:79; CasinoDialog:102","@/components/transactions/transaction-kit; @/components/ui/EuropeanRouletteWheel; @/components/ui/button; @/components/ui/dialog; @/components/ui/input; @/hooks/useTokenMetadata; @/lib/casino-bet-preferences; @/lib/casino-amount-input; @/lib/casino-client; @/lib/casino-pool-solvency; @/lib/transaction-refresh; @/lib/casino-hardening-rules.mjs; @/lib/contracts; @/lib/utils; @/public/abi/casino-abi; lucide-react; next/image; react; react-hot-toast; wagmi; ./approve-transaction; ./casino-transaction","Source indexed. Runtime coverage is feature/state sampling; see report and dialog inventory."
"components/transactions/claim-rewards-transaction.tsx","Transaction UI or controller","66","","0","ClaimRewardsTransaction:27","react; @/lib/contracts; ./game-transaction","Source indexed. Runtime coverage is feature/state sampling; see report and dialog inventory."
"components/transactions/disabled-transaction.tsx","Transaction UI or controller","25","","0","DisabledTransaction:12","react; @/lib/utils; @/components/ui/button","Source indexed. Runtime coverage is feature/state sampling; see report and dialog inventory."
"components/transactions/game-transaction.tsx","Transaction UI or controller","215","","0","GameTransaction:60","react; @vercel/analytics; wagmi; @/lib/builder-code; @/lib/farcaster-miniapp-auth-client; @/lib/owner-resource-invalidation; @/lib/paymaster-context; @/lib/transaction-utils; @/lib/types; ./global-transaction-toast; ./transaction-kit","Source indexed. Runtime coverage is feature/state sampling; see report and dialog inventory."
"components/transactions/global-transaction-toast.tsx","Transaction UI or controller","26","","0","GlobalTransactionToast:14","react; react-dom; @/components/ui/dialog-feedback-host; ./transaction-kit; ./transaction-feedback-card","Source indexed. Runtime coverage is feature/state sampling; see report and dialog inventory."
"components/transactions/kill-transaction.tsx","Transaction UI or controller","91","","0","KillTransaction:37","react; ./game-transaction; @/lib/contracts; wagmi; @/lib/transaction-utils; @/lib/mission-tracking; ./transaction-kit","Source indexed. Runtime coverage is feature/state sampling; see report and dialog inventory."
"components/transactions/land-mint-transaction.tsx","Transaction UI or controller","11","","0","","@/public/abi/pixotchi-v3-abi; @/lib/contracts; @/lib/types","Source indexed. Runtime coverage is feature/state sampling; see report and dialog inventory."
"components/transactions/land-name-transaction.tsx","Transaction UI or controller","52","","0","LandNameTransaction:19","react; ./game-transaction; @/public/abi/pixotchi-v3-abi; @/lib/contracts","Source indexed. Runtime coverage is feature/state sampling; see report and dialog inventory."
"components/transactions/leaf-approve-transaction.tsx","Transaction UI or controller","59","","0","LeafApproveTransaction:28","react; ./game-transaction; @/lib/contracts","Source indexed. Runtime coverage is feature/state sampling; see report and dialog inventory."
"components/transactions/marketplace-dialog.tsx","Transaction UI or controller","1035","460","3","toNumberWei:46; computePriceLeafPerSeed:50; fmt:60; formatCompact:66; formatPrice:82; mapOrder:87; MarketplaceDialog:98","@/components/transactions/game-transaction; @/components/ui/button; @/components/ui/dialog; @/components/ui/input; @/lib/contracts; @/lib/mission-tracking; @/lib/app-events; @/lib/marketplace-price; @/lib/transaction-utils; @/lib/utils; @/public/abi/pixotchi-v3-abi; react; react-hot-toast; viem; wagmi","Source indexed. Runtime coverage is feature/state sampling; see report and dialog inventory."
"components/transactions/mint-transaction.tsx","Transaction UI or controller","20","","0","","@/lib/contracts; @/lib/types","Source indexed. Runtime coverage is feature/state sampling; see report and dialog inventory."
"components/transactions/plant-name-transaction.tsx","Transaction UI or controller","79","","0","PlantNameTransaction:36","react; @/lib/paymaster-context; @/lib/smart-wallet-context; @/components/paymaster-toggle; @/lib/contracts; ./game-transaction","Source indexed. Runtime coverage is feature/state sampling; see report and dialog inventory."
"components/transactions/revive-transaction.tsx","Transaction UI or controller","63","","0","ReviveTransaction:28","react; ./game-transaction; @/lib/contracts","Source indexed. Runtime coverage is feature/state sampling; see report and dialog inventory."
"components/transactions/smart-wallet-transaction.tsx","Transaction UI or controller","30","","0","SmartWalletTransaction:27","./game-transaction; ./transaction-kit; @/lib/types","Source indexed. Runtime coverage is feature/state sampling; see report and dialog inventory."
"components/transactions/solana-bridge-button.tsx","Transaction UI or controller","782","","0","isExplicitWalletRejection:100; loadMatchingPendingAction:107; SolanaBridgeButton:112","@/components/ui/button; @/hooks/useSolanaBridge; @/hooks/useSolanaWallet; @/lib/solana-bridge-lifecycle; @/lib/solana-bridge-flow; @/lib/solana-constants; @/lib/solana-bridge-executor; @/lib/owner-resource-invalidation; @privy-io/react-auth; @privy-io/react-auth/solana; bs58; lucide-react; react; react-hot-toast","Source indexed. Runtime coverage is feature/state sampling; see report and dialog inventory."
"components/transactions/spin-game-transaction.tsx","Transaction UI or controller","212","","0","SpinGameTransaction:43","react; ./game-transaction; @/lib/contracts; react-hot-toast; ./transaction-kit; @/lib/utils; wagmi; @/lib/transaction-utils; @/lib/spin-game-events; @/lib/mission-tracking","Source indexed. Runtime coverage is feature/state sampling; see report and dialog inventory."
"components/transactions/swap-buy-item-bundle.tsx","Transaction UI or controller","160","","0","SwapBuyItemBundle:60","react; wagmi; ./smart-wallet-transaction; @/lib/contracts; @/lib/swap/bundle-calls; @/lib/types; @/lib/transaction-utils; @/lib/mission-tracking","Source indexed. Runtime coverage is feature/state sampling; see report and dialog inventory."
"components/transactions/swap-fence-purchase-bundle.tsx","Transaction UI or controller","132","","0","SwapFencePurchaseBundle:46","react; wagmi; ./smart-wallet-transaction; @/lib/contracts; @/lib/swap/bundle-calls; @/lib/transaction-utils; @/lib/mission-tracking","Source indexed. Runtime coverage is feature/state sampling; see report and dialog inventory."
"components/transactions/swap-land-mint-bundle.tsx","Transaction UI or controller","86","","0","SwapLandMintBundle:31","react; wagmi; ./smart-wallet-transaction; @/lib/contracts; @/lib/swap/bundle-calls; @/public/abi/pixotchi-v3-abi","Source indexed. Runtime coverage is feature/state sampling; see report and dialog inventory."
"components/transactions/swap-mint-bundle.tsx","Transaction UI or controller","97","","0","SwapMintBundle:41","react; wagmi; ./smart-wallet-transaction; @/lib/contracts; @/lib/swap/bundle-calls","Source indexed. Runtime coverage is feature/state sampling; see report and dialog inventory."
"components/transactions/swap-plant-name-bundle.tsx","Transaction UI or controller","100","","0","SwapPlantNameBundle:44","react; wagmi; ./smart-wallet-transaction; @/lib/contracts; @/lib/swap/bundle-calls","Source indexed. Runtime coverage is feature/state sampling; see report and dialog inventory."
"components/transactions/transaction-feedback-card.tsx","Transaction UI or controller","88","","0","TransactionFeedbackIcon:10; TransactionFeedbackCard:22","react; lucide-react; @/lib/transaction-feedback; @/lib/utils","Source indexed. Runtime coverage is feature/state sampling; see report and dialog inventory."
"components/transactions/transaction-kit.tsx","Transaction UI or controller","2741","","0","getTransactionPhase:117; getLifecycleTransactionProof:283; Spinner:304; getErrorMessage:320; getErrorStatusName:338; getNestedErrorCode:378; getPendingButtonText:392; getExplorerHref:407; getSendCallsSupportKey:414; createAtomicBundleUnsupportedError:427; getAtomicCapabilityStatus:433; isUnresolvedWaitError:454; isDefinitivePostSubmissionError:470; createMonitoringAbortError:478; throwIfMonitoringAborted:484; withMonitoringAbort:488; waitBeforeUnresolvedRetry:500; waitForLeaseRetry:510; isFailedReceipt:517; getPendingRecordHash:525; getPendingRecordId:529; withTimeout:533; getToastLabelData:557; getStatusLabelData:572; useTransactionContext:580; Transaction:588; TransactionButton:2250; TransactionStatus:2445; TransactionStatusAction:2475; TransactionStatusLabel:2541; TransactionToast:2565; TransactionToastIcon:2630; TransactionToastLabel:2636; TransactionToastAction:2648","react; @vercel/analytics; viem; @/lib/open-external; viem/chains; wagmi; wagmi/experimental; @/lib/base-rpc; @/lib/owner-resource-invalidation; @/components/ui/button; @/lib/transaction-feedback; ./transaction-feedback-card; ./transaction-recovery-options; @/lib/pending-evm-transaction; @/lib/pending-evm-coordinator; @/lib/smart-wallet-context; @/lib/transaction-utils; @/lib/utils","Source indexed. Runtime coverage is feature/state sampling; see report and dialog inventory."
"components/transactions/transaction-recovery-options.tsx","Transaction UI or controller","43","","0","TransactionRecoveryOptions:8","lucide-react; @/components/ui/button; @/lib/utils","Source indexed. Runtime coverage is feature/state sampling; see report and dialog inventory."
"components/transactions/transfer-assets-dialog.tsx","Transaction UI or controller","1426","937","2","TransferAssetsDialog:210","@/components/ui/button; @/components/ui/dialog; @/components/ui/dropdown-menu; @/components/ui/input; @/components/ui/skeleton; @/components/transactions/global-transaction-toast; @/components/transactions/transaction-recovery-options; @/components/transactions/transaction-kit; @/hooks/useDebounce; @/lib/base-rpc; @/lib/contracts; @/lib/types; @/lib/owner-resource-invalidation; lucide-react; react; react-hot-toast; viem; viem/chains; wagmi","Source indexed. Runtime coverage is feature/state sampling; see report and dialog inventory."
"components/transactions/warehouse-apply-transaction.tsx","Transaction UI or controller","88","","0","WarehouseApplyTransaction:22","react; ./game-transaction; @/public/abi/pixotchi-v3-abi; @/lib/contracts","Source indexed. Runtime coverage is feature/state sampling; see report and dialog inventory."
"components/tutorial/config.ts","Feature UI","19","","0","","","Source indexed. Runtime coverage is feature/state sampling; see report and dialog inventory."
"components/tutorial/index.ts","Feature UI","4","","0","","","Source indexed. Runtime coverage is feature/state sampling; see report and dialog inventory."
"components/tutorial/slides.tsx","Feature UI","167","","0","","react; ./config","Source indexed. Runtime coverage is feature/state sampling; see report and dialog inventory."
"components/tutorial/SlideshowModal.tsx","Feature UI","162","90","0","Art:18; SlideshowModal:60; useEffectArrowKeys:151","react; ./SlideshowProvider; ./slides; @/components/ui/button; @/components/ui/dialog; next/image; react","Source indexed. Runtime coverage is feature/state sampling; see report and dialog inventory."
"components/tutorial/SlideshowProvider.tsx","Feature UI","131","","0","SlideshowProvider:29; useSlideshow:126","react; ./config; @/lib/gamification-client","Source indexed. Runtime coverage is feature/state sampling; see report and dialog inventory."
"components/ui/alert.tsx","UI primitive or effect","72","","0","","react; class-variance-authority; @/lib/utils","Source indexed. Runtime coverage is feature/state sampling; see report and dialog inventory."
"components/ui/app-toaster.tsx","UI primitive or effect","44","","0","AppToaster:5","react-hot-toast","Source indexed. Runtime coverage is feature/state sampling; see report and dialog inventory."
"components/ui/asset-carousel-button.tsx","UI primitive or effect","42","","0","AssetCarouselButton:14","lucide-react; @/lib/utils; @/components/ui/button","Source indexed. Runtime coverage is feature/state sampling; see report and dialog inventory."
"components/ui/badge.tsx","UI primitive or effect","43","","0","","react; class-variance-authority; @/lib/utils","Source indexed. Runtime coverage is feature/state sampling; see report and dialog inventory."
"components/ui/BaseAnimatedLogo.tsx","UI primitive or effect","178","","0","BaseAnimatedLogo:37","react; @/lib/utils; @/components/ui/performance-mode","Source indexed. Runtime coverage is feature/state sampling; see report and dialog inventory."
"components/ui/BaseExpandedLoadingLogo.tsx","UI primitive or effect","156","","0","BaseExpandedLoadingLogo:26; BaseExpandedLoadingPageLoader:149","react; @/lib/utils; @/components/ui/performance-mode","Source indexed. Runtime coverage is feature/state sampling; see report and dialog inventory."
"components/ui/button.tsx","UI primitive or effect","147","","0","","react; @radix-ui/react-slot; class-variance-authority; lucide-react; @/lib/utils","Source indexed. Runtime coverage is feature/state sampling; see report and dialog inventory."
"components/ui/card.tsx","UI primitive or effect","126","","0","","react; @/lib/utils","Source indexed. Runtime coverage is feature/state sampling; see report and dialog inventory."
"components/ui/dialog-feedback-host.ts","UI primitive or effect","68","","0","emitChange:13; getActiveDialogFeedbackHost:17; subscribe:31; useDialogFeedbackHostRef:41; useActiveDialogFeedbackHost:61","react","Source indexed. Runtime coverage is feature/state sampling; see report and dialog inventory."
"components/ui/dialog.tsx","UI primitive or effect","338","","0","","react; @radix-ui/react-dialog; lucide-react; @/lib/utils; @/components/ui/dialog-feedback-host","Source indexed. Runtime coverage is feature/state sampling; see report and dialog inventory."
"components/ui/dropdown-menu.tsx","UI primitive or effect","126","","0","","react; @radix-ui/react-dropdown-menu; lucide-react; @/lib/utils","Source indexed. Runtime coverage is feature/state sampling; see report and dialog inventory."
"components/ui/empty-state.tsx","UI primitive or effect","46","","0","EmptyState:22","lucide-react; react; @/lib/utils","Source indexed. Runtime coverage is feature/state sampling; see report and dialog inventory."
"components/ui/error-boundary.tsx","UI primitive or effect","266","","0","","@/components/ui/alert; @/components/ui/button; @/components/ui/card; lucide-react; react; @vercel/analytics","Source indexed. Runtime coverage is feature/state sampling; see report and dialog inventory."
"components/ui/EuropeanRouletteWheel.tsx","UI primitive or effect","298","","0","EuropeanRouletteWheel:24","react; @/components/ui/performance-mode","Source indexed. Runtime coverage is feature/state sampling; see report and dialog inventory."
"components/ui/input.tsx","UI primitive or effect","25","","1","","react; @/lib/utils","Source indexed. Runtime coverage is feature/state sampling; see report and dialog inventory."
"components/ui/loading.tsx","UI primitive or effect","19","","0","","","Source indexed. Runtime coverage is feature/state sampling; see report and dialog inventory."
"components/ui/pagination-footer.tsx","UI primitive or effect","59","","0","PaginationFooter:15","lucide-react; @/components/ui/button; @/lib/utils","Source indexed. Runtime coverage is feature/state sampling; see report and dialog inventory."
"components/ui/performance-mode.tsx","UI primitive or effect","131","","0","readPerformanceModePreference:18; applyPerformanceMode:31; setStoreValue:44; ensureInitialized:52; subscribe:58; handleStorage:76; handlePreferenceChange:82; setPerformanceModePreference:89; usePerformanceMode:103; PerformanceModeController:124","react","Source indexed. Runtime coverage is feature/state sampling; see report and dialog inventory."
"components/ui/pixel-container.tsx","UI primitive or effect","31","","0","","react; @/lib/utils","Source indexed. Runtime coverage is feature/state sampling; see report and dialog inventory."
"components/ui/PlayingCard.tsx","UI primitive or effect","214","","0","getCardDisplay:43; getCardValue:53; calculateHandValue:63; PlayingCard:85; CardHand:136","react","Source indexed. Runtime coverage is feature/state sampling; see report and dialog inventory."
"components/ui/premium.tsx","UI primitive or effect","112","","0","StatusChip:21; InlineBalanceNotice:40; DisabledReason:65; RewardResultPanel:86","react; lucide-react; @/components/ui/badge; @/lib/utils","Source indexed. Runtime coverage is feature/state sampling; see report and dialog inventory."
"components/ui/progress-bar.tsx","UI primitive or effect","34","","0","ProgressBar:11","react; @/lib/utils","Source indexed. Runtime coverage is feature/state sampling; see report and dialog inventory."
"components/ui/refresh-icon.tsx","UI primitive or effect","23","","0","RefreshIcon:10","react; lucide-react; @/lib/utils","Source indexed. Runtime coverage is feature/state sampling; see report and dialog inventory."
"components/ui/scroll-fade-controller.tsx","UI primitive or effect","122","","0","setFadeAttribute:8; updateScrollFade:17; ScrollFadeController:25","react","Source indexed. Runtime coverage is feature/state sampling; see report and dialog inventory."
"components/ui/skeleton.tsx","UI primitive or effect","16","","0","Skeleton:3","@/lib/utils","Source indexed. Runtime coverage is feature/state sampling; see report and dialog inventory."
"components/ui/snow-effect.tsx","UI primitive or effect","197","","0","SnowEffectCanvas:36","react; @/lib/snow-context; @/components/ui/performance-mode","Source indexed. Runtime coverage is feature/state sampling; see report and dialog inventory."
"components/ui/switch.tsx","UI primitive or effect","53","","0","","react; @/lib/utils","Source indexed. Runtime coverage is feature/state sampling; see report and dialog inventory."
"components/ui/textarea.tsx","UI primitive or effect","24","","1","","react; @/lib/utils","Source indexed. Runtime coverage is feature/state sampling; see report and dialog inventory."
"components/ui/toggle-group.tsx","UI primitive or effect","301","","0","parseMotionDuration:17; ToggleGroup:54","react; @/components/ui/button; @/components/ui/performance-mode; @/lib/utils","Source indexed. Runtime coverage is feature/state sampling; see report and dialog inventory."
"components/ui/wallet-avatar.tsx","UI primitive or effect","87","","0","hashAddress:15; getFallbackGradient:25; FallbackAvatar:32; WalletAvatar:49","react; next/image; @/lib/utils; @/components/hooks/useEnsAvatar","Source indexed. Runtime coverage is feature/state sampling; see report and dialog inventory."
"components/verify-claim.tsx","Feature UI","473","","0","parseClaimState:42; VerifyClaim:52; checkClaimStatus:72","react; wagmi; react-hot-toast; next/image; @/components/ui/button; @/components/ui/card; lucide-react; wagmi; siwe; @/lib/open-external; @/lib/verify-claim-config","Source indexed. Runtime coverage is feature/state sampling; see report and dialog inventory."
"components/viewport-debug-overlay.tsx","Feature UI","160","","0","readCssVariable:29; readSnapshot:33; ViewportDebugOverlay:63","react","Source indexed. Runtime coverage is feature/state sampling; see report and dialog inventory."
"components/wallet-profile.tsx","Feature UI","1071","634; 986","3","WalletSectionHeader:80; WalletCopyButton:106; WalletStatusPill:125; WalletInfoRow:159; WalletProfile:229","@/components/airdrop-claim-card; @/components/ui/switch; @/lib/clipboard; @/components/hooks/usePrimaryName; @/components/solana; @/components/ui/alert; @/components/ui/button; @/components/ui/performance-mode; @/components/ui/dialog; @/components/ui/wallet-avatar; @/hooks/useAuthSurface; @/lib/cache-utils; @/lib/chat-auth-client; @/lib/eth-mode-context; @/lib/frame-context; @/lib/open-external; @/lib/owner-resource-invalidation; @/lib/session-storage-manager; @/lib/smart-wallet-context; @/lib/solana-constants; @/lib/utils; @farcaster/miniapp-sdk; @privy-io/react-auth; @privy-io/react-auth; @privy-io/react-auth/solana; lucide-react; react; react-hot-toast; wagmi; ./balance-card; ./transactions/transfer-assets-dialog; ./ui/pixel-container; ./ui/skeleton","Source indexed. Runtime coverage is feature/state sampling; see report and dialog inventory."
"hooks/useAppAuthController.ts","Hook","1758","","0","withTimeout:55; getPrivyLoginErrorMessage:76; reducer:115; useAppAuthController:171","@privy-io/react-auth; react; react-hot-toast; viem; viem/siwe; wagmi; @/lib/frame-context; @/lib/cache-utils; @/lib/chat-auth-client; @/lib/base-chat-session-refresh; @/lib/confirmed-miniapp-session; @/lib/session-storage-manager; @/lib/auth-surface; @/lib/local-test-mode; @/lib/local-test-wallet","Source indexed. Runtime coverage is feature/state sampling; see report and dialog inventory."
"hooks/useAuthSurface.ts","Hook","34","","0","useAuthSurface:8","react; @/lib/session-storage-manager","Source indexed. Runtime coverage is feature/state sampling; see report and dialog inventory."
"hooks/useAutoConnect.ts","Hook","35","","0","useAutoConnect:5","react; wagmi; @/lib/frame-context","Source indexed. Runtime coverage is feature/state sampling; see report and dialog inventory."
"hooks/useBroadcastMessages.ts","Hook","322","","0","isTutorialCompleted:26; useBroadcastMessages:38","@/hooks/useAuthSurface; @/lib/broadcast-service; @/lib/frame-context; @privy-io/react-auth; react; wagmi","Source indexed. Runtime coverage is feature/state sampling; see report and dialog inventory."
"hooks/useCountdown.ts","Hook","72","","0","useCountdown:5","react","Source indexed. Runtime coverage is feature/state sampling; see report and dialog inventory."
"hooks/useDebounce.ts","Hook","19","","0","useDebounce:5","react","Source indexed. Runtime coverage is feature/state sampling; see report and dialog inventory."
"hooks/useDocumentVisible.ts","Hook","22","","0","subscribe:5; useDocumentVisible:15","react","Source indexed. Runtime coverage is feature/state sampling; see report and dialog inventory."
"hooks/useFarcaster.ts","Hook","29","","0","loadFarcasterSdk:6; useFarcaster:11","react; @/lib/frame-context","Source indexed. Runtime coverage is feature/state sampling; see report and dialog inventory."
"hooks/useItemCatalogs.ts","Hook","34","","0","useItemCatalogs:12","@tanstack/react-query; @/lib/contracts; @/lib/types","Source indexed. Runtime coverage is feature/state sampling; see report and dialog inventory."
"hooks/useKeyboardAware.ts","Hook","103","","0","useViewportInsets:7","react","Source indexed. Runtime coverage is feature/state sampling; see report and dialog inventory."
"hooks/useLandMap.ts","Hook","65","","0","useLandMap:25","@tanstack/react-query; react; @/lib/contracts; @/lib/query-keys; @/lib/types","Source indexed. Runtime coverage is feature/state sampling; see report and dialog inventory."
"hooks/useMediaQuery.ts","Hook","50","","0","useMediaQuery:20","react","Source indexed. Runtime coverage is feature/state sampling; see report and dialog inventory."
"hooks/useOwnerResourceList.ts","Hook","279","","0","useOwnerResourceList:111","@tanstack/react-query; react; @/lib/owner-resource-invalidation","Source indexed. Runtime coverage is feature/state sampling; see report and dialog inventory."
"hooks/useQuestRewardsAvailability.ts","Hook","142","","0","readQuestRewardsSnapshot:49; useQuestRewardsAvailability:107","@tanstack/react-query; viem; @/lib/contracts","Source indexed. Runtime coverage is feature/state sampling; see report and dialog inventory."
"hooks/useSolanaBridge.ts","Hook","824","","0","getMintPriceInSeed:126; getShopItemPriceInSeed:162; getGardenItemPriceInSeed:177; getNameChangePriceInSeed:192; getTwinAdapterAddress:210; quoteMintCost:219; quoteShopItemCost:246; quoteGardenItemCost:252; quoteNameChangeCost:258; useSolanaBridge:277","react; ./useSolanaWallet; @/lib/solana-bridge-service; @/lib/solana-quote; @/lib/solana-constants; @/lib/contracts; viem; @/lib/solana-bridge-executor; @solana/web3.js; @/lib/solana-bridge-flow","Source indexed. Runtime coverage is feature/state sampling; see report and dialog inventory."
"hooks/useSolanaWallet.ts","Hook","88","","0","useSolanaWallet:56","@/lib/solana-twin; @/lib/solana-wallet-context; react","Source indexed. Runtime coverage is feature/state sampling; see report and dialog inventory."
"hooks/useTokenMetadata.ts","Hook","37","","0","useTokenMetadata:6","wagmi; viem","Source indexed. Runtime coverage is feature/state sampling; see report and dialog inventory."
"hooks/useTokenSymbol.ts","Hook","25","","0","useTokenSymbol:4","wagmi; viem","Source indexed. Runtime coverage is feature/state sampling; see report and dialog inventory."
"hooks/useWebQueryState.ts","Hook","137","","0","useWebQueryState:25","react","Source indexed. Runtime coverage is feature/state sampling; see report and dialog inventory."
"lib/activity-client.ts","Domain or shared infrastructure","49","","0","fetchActivityPayload:10; toActivityList:26; toIdList:30; getAllActivity:34; getMyActivity:39","./types","Source indexed. Runtime coverage is feature/state sampling; see report and dialog inventory."
"lib/activity-filters.ts","Domain or shared infrastructure","247","","0","createActivityPerspective:123; hasActivityPerspective:133; isActivityCategoryId:137; isActivityDirectionId:141; parseActivityCategory:145; parseActivityDirection:149; getActivityCategory:153; isDirectionalActivityCategory:158; getActivityDirection:169; filterActivityEvents:208; resolveActivityDirection:236","./types","Source indexed. Runtime coverage is feature/state sampling; see report and dialog inventory."
"lib/activity-service.ts","Domain or shared infrastructure","899","","0","getActivityWindow:58; isMissingIncrementalCacheError:66; filterToWindow:70; getPlayedRewardWeight:74; dedupePlayedEvents:87; fetchGraphQLData:685; fetchOptionalBarracksActivity:689; fetchOptionalMyBarracksActivity:702; getAllActivity:716; getMyActivityFeed:782; getMyActivity:867; getCachedMyActivityFeed:877; getCachedMyActivity:896","server-only; next/cache; ./types; ./contracts; ./indexer-client; ./warehouse-activity","Source indexed. Runtime coverage is feature/state sampling; see report and dialog inventory."
"lib/ai-action-guide.ts","Domain or shared infrastructure","686","","0","normalizeText:594; getSearchScore:598; topicToGuideEntry:625; normalizeTopicInput:635; getKnowledgeTopicIds:648; getGameActionGuide:652","./types","Source indexed. Runtime coverage is feature/state sampling; see report and dialog inventory."
"lib/ai-config.ts","Domain or shared infrastructure","177","","0","getCurrentAIProvider:79; getCurrentModelConfig:104; getConfiguredFallbackModels:119; isConfiguredModelAllowed:126; validateAIConfig:131","./types","Source indexed. Runtime coverage is feature/state sampling; see report and dialog inventory."
"lib/ai-context.ts","Domain or shared infrastructure","119","","0","generateConversationTitle:84","./ai-action-guide","Source indexed. Runtime coverage is feature/state sampling; see report and dialog inventory."
"lib/ai-custody-privacy.ts","Domain or shared infrastructure","62","","0","parseAddressList:11; getCustodyWalletAddressSet:22; isKnownCustodyWalletAddress:33; createCustodyRedaction:38; isCustodyWalletDataRequest:46","viem","Source indexed. Runtime coverage is feature/state sampling; see report and dialog inventory."
"lib/ai-read-tools.ts","Domain or shared infrastructure","6109","","0","getQuestRewardsWallet:186; buildCombatActivityQuery:344; getTargetAddress:460; redactCustodyAddress:472; publicAddressField:480; playerFacingStatusService:485; formatToken:508; compactTokenAmount:535; shortenTokenAddress:544; getAIPriceTokenSymbol:554; getKnownTokenDecimals:566; formatKnownTokenAmount:574; safeJsonParse:582; isSeedToken:594; formatPriceFields:598; formatPts:617; formatSeconds:621; toNumber:628; statusLabel:639; jsonSafe:657; getBlockNumberSafe:672; errorMessage:680; withToolResult:684; normalizePlant:752; summarizePlants:793; cooldownDetails:834; readKillCooldownForWallet:849; summarizeAttackPlant:888; normalizeBuilding:903; summarizeBuildings:924; normalizeBarracks:1006; normalizeBarracksForRaid:1030; summarizeRaidPreview:1043; normalizeProductionBuilding:1069; getLandBuildingProductionTotals:1077; hasBuiltTownBuilding:1140; getBuiltTownBuildingLevel:1147; formatSignedPts:1152; formatDurationCompact:1164; normalizeQuestSlot:1181; summarizeBarracksReport:1232; readArcadeStatusForPlant:1282; normalizeLand:1340; readPlantsForAddress:1384; normalizePlantIdList:1388; buildPlantLifecycleEventsQuery:1400; buildWalletPlantLifecycleQuery:1455; normalizeLifecycleMint:1506; normalizeLifecycleKilled:1521; normalizeLifecyclePlant:1544; normalizeLifecycleTransfer:1573; fetchPlantLifecycleEvents:1601; fetchWalletPlantLifecycle:1626; readRequestedPlantStates:1644; classifyRecentPlantTransfers:1659; buildPlantLifecycleExplanations:1680; readLandsForInput:1759; readLandOwnerSafe:1771; normalizeMarketplaceOrder:1795; marketplacePriceLeafPerSeed:1806; compactMarketplaceOrder:1815; summarizeOrderBook:1831; normalizeCasinoActiveBet:1854; normalizeBlackjackSnapshot:1873; normalizeBaccaratActiveGame:1899; buildMissionTaskRows:1918; getTaskProofGuideEntries:1944; withTaskProofGuide:1954; buildPublicAppUrl:1961; normalizeLandCoordinateRead:1969; normalizeLandBoundariesRead:1977; readLandCoordinatesSafe:1986; readLandTokenIdByCoordinatesSafe:2000; readLandBoundariesSafe:2015; getCardinalNeighborCoordinates:2029; coordinateInsideBoundaries:2038; getPlantNameChangeCostState:2049; classifyGameError:2064; readErc20Allowance:2186; sameAddress:2200; extractTxHash:2204; getTransferEvent:2208; normalizeIndexedActivity:2212; getTransferArgs:2281; normalizeTransferActivity:2308; sortActivitiesDescending:2353; timestampMetadata:2362; formatPtsNumber:2370; normalizePlantCombatEvent:2381; normalizeLandCombatEvent:2429; countBy:2458; summarizeCombatActivity:2478; getTransferLogsForContract:2509; getKnownWalletTransferActivity:2546; normalizeKilledLog:2597; summarizeKnownReceiptLogs:2633; normalizeReadOnlyAIToolContext:2662; createReadOnlyAIToolsContext:2666; executeReadOnlyAITool:2676; createReadOnlyAITools:2696","server-only; @/lib/utils; @/lib/plant-lifetime; ai; viem; zod; ./contracts; ./ai-rpc; ./activity-service; ./gamification-service; ./stake-leaderboard-service; ./swap/engine; ./swap/constants; ./swap/types; ./ai-action-guide; ./ai-custody-privacy; ./seed-market; ./pixotchi-token-info; ./indexer-client; ./constants; ./env-config; ./asset-name-rules; ./notifications/constants; ./notifications/provider; ./redis; ./status-checks; ./solana-constants; ./solana-twin; ./utils; ./verify-claim-config; ../public/abi/pixotchi-v3-abi; ./contracts; ./types","Source indexed. Runtime coverage is feature/state sampling; see report and dialog inventory."
"lib/ai-rpc.ts","Domain or shared infrastructure","103","","0","normalizeRpcUrl:19; dedupeEndpoints:36; getAIRpcEndpoints:52; getAIRpcSourceLabel:61; getAIReadClient:65","server-only; viem; viem/chains; ./contracts","Source indexed. Runtime coverage is feature/state sampling; see report and dialog inventory."
"lib/ai-safety.ts","Domain or shared infrastructure","202","","0","escapeRegExp:137; includesAnyTerm:141; classifyAIUserMessage:148","./ai-custody-privacy","Source indexed. Runtime coverage is feature/state sampling; see report and dialog inventory."
"lib/ai-service.ts","Domain or shared infrastructure","3718","","0","parsePositiveInteger:317; parseNonNegativeInteger:322; parseNumberInRange:327; parseBoolean:332; normalizeGoogleThinkingLevel:348; getSDKModel:376; getAIProviderOptions:392; getGoogleProviderOptions:415; isDirectGoogleGemini3Model:441; getConfiguredModelIds:446; usesExplicitGoogleThinkingBudget:454; isReasoningModelConfigured:462; requiresProviderDefaultSampling:472; hasSamplingSensitiveModelConfigured:479; getModelRequestSettings:485; getToolPriority:542; capString:547; compactToolPromptValue:551; compactJson:1329; getRawToolResults:1333; extractAIToolOutputSummaries:1341; buildToolContextText:1356; isRecord:1361; truncateTraceString:1365; sanitizeToolTraceValue:1371; normalizeToolFreshness:1410; normalizeToolTrace:1423; extractAIToolTraces:1459; isAbortError:1487; stripAIMessageDebugMetadata:1491; validateAIMessage:1509; checkAIRateLimit:1528; updateAIRateLimit:1561; parseNonNegativeUsageNumber:1582; parseAIUsageSnapshot:1590; parseRedisScriptResult:1605; getTodayUserAIUsage:1617; buildAIRequestBudget:1636; getAIUsageReservationTarget:1687; reserveAIRequestBudget:1697; normalizeUsageCount:1753; settleAIUsageReservation:1757; refundAIUsageReservation:1801; resolveAIRequestBudget:1825; buildBudgetFallbackMessage:1833; getOrCreateConversation:1842; storeAIMessage:1904; getAIConversationMessages:1983; getAIConversationForAddress:2038; resolveConversationId:2065; buildPlainModelMessages:2080; extractAddressFromPrompt:2105; extractTxHashFromPrompt:2109; extractPlantIdsFromPrompt:2113; extractLandIdFromPrompt:2133; extractCoordinateFromPrompt:2147; addDeterministicToolRequest:2158; getDeterministicToolRequests:2168; appendToolContextMessage:2305; combineToolContextText:2323; mergeToolCallTraces:2327; buildDeterministicToolContext:2347; buildGemini3SingleRoundToolContext:2413; getTokenCount:2465; getOutputTokenCount:2470; getReasoningTokenCount:2474; applyFinishReasonNotice:2478; hasAnthropicModelConfigured:2490; buildAIInstructions:2496; buildResponseSystemPrompt:2514; getShortestUsefulNextStep:2518; buildContinuationMessages:2522; generateLengthContinuation:2553; getTextFromUIMessage:2592; buildAIMessageMetadata:2599; createStaticAIMessageResponse:2623; normalizeAIProviderError:2670; streamAIMessage:2689; sendAIMessage:3101; trackAIUsage:3420; getAllAIConversations:3463; getAIUsageStats:3511; deleteAIConversation:3590; deleteAllAIConversations:3637","@ai-sdk/anthropic; @ai-sdk/google; @ai-sdk/openai; ai; nanoid; ./ai-config; ./ai-context; ./ai-read-tools; ./ai-safety; ./chat-service; ./redis; ./types","Source indexed. Runtime coverage is feature/state sampling; see report and dialog inventory."
"lib/airdrop-claim-polling.ts","Domain or shared infrastructure","27","","0","getAirdropPendingPollDelay:8","","Source indexed. Runtime coverage is feature/state sampling; see report and dialog inventory."
"lib/airdrop-claim-reconciliation.ts","Domain or shared infrastructure","67","","0","getAirdropOperationOutcome:14; isAirdropUserOperationHash:30; isAirdropTransactionHash:34; createFailedAirdropClaimRecord:38; createClaimedAirdropRecord:52","viem; @/lib/airdrop-claim-state","Source indexed. Runtime coverage is feature/state sampling; see report and dialog inventory."
"lib/airdrop-claim-state.ts","Domain or shared infrastructure","75","","0","parseAirdropEligibility:19; getAirdropRecordStatus:30; canRetryAirdropReservation:42; createAirdropReservation:56","","Source indexed. Runtime coverage is feature/state sampling; see report and dialog inventory."
"lib/ambient-audio-context.tsx","Domain or shared infrastructure","197","","0","AmbientAudioProvider:35; useAmbientAudio:194","react; @/components/ui/performance-mode","Source indexed. Runtime coverage is feature/state sampling; see report and dialog inventory."
"lib/app-events.ts","Domain or shared infrastructure","175","","0","createEventId:31; dispatchTypedEvent:36; subscribeToTypedEvents:41; requestBalanceRefresh:69; onBalanceRefresh:121; openTasksDialog:154; onTasksDialogOpen:158; openStakingDialog:165; onStakingDialogOpen:169","","Source indexed. Runtime coverage is feature/state sampling; see report and dialog inventory."
"lib/asset-name-rules.ts","Domain or shared infrastructure","71","","0","getUtf8ByteLength:21; truncateUtf8ToMaxBytes:26; getAssetNameValidation:40; getAssetNameInvalidReason:64","","Source indexed. Runtime coverage is feature/state sampling; see report and dialog inventory."
"lib/auth-surface.ts","Domain or shared infrastructure","61","","0","normalizeAuthSurface:23; resolveStoredAuthSurface:35; resolvePreferredAuthSurface:43","@/lib/local-test-mode","Source indexed. Runtime coverage is feature/state sampling; see report and dialog inventory."
"lib/auth-utils.ts","Domain or shared infrastructure","226","","0","getRequestIp:19; getAdminAuditContext:28; fingerprintAdminKey:37; validateAdminKey:42; checkAdminRateLimit:76; trackAdminFailedAttempt:126; requireAdmin:140; logAdminAction:170; createErrorResponse:211","next/server; ./redis; crypto; async_hooks","Source indexed. Runtime coverage is feature/state sampling; see report and dialog inventory."
"lib/baccarat-rules.mjs","Domain or shared infrastructure","59","","0","baccaratCardValue:13; baccaratHandTotal:19; baccaratBankerShouldDraw:23; baccaratCalculatePayoutWei:32","","Source indexed. Runtime coverage is feature/state sampling; see report and dialog inventory."
"lib/balance-context.tsx","Domain or shared infrastructure","237","","0","readBalanceResult:30; BalanceProvider:43; useBalances:230","react; wagmi; @/lib/contracts; @/public/abi/leaf-abi; @/lib/solana-wallet-context; @/lib/app-events","Source indexed. Runtime coverage is feature/state sampling; see report and dialog inventory."
"lib/base-account-connector.ts","Domain or shared infrastructure","26","","0","baseAccountConnector:12","wagmi/connectors","Source indexed. Runtime coverage is feature/state sampling; see report and dialog inventory."
"lib/base-chat-session-refresh.ts","Domain or shared infrastructure","120","","0","generateRequestId:26; emitBaseChatSessionRefreshResult:36; requestBaseChatSessionRefresh:51","","Source indexed. Runtime coverage is feature/state sampling; see report and dialog inventory."
"lib/base-rpc-policy.ts","Domain or shared infrastructure","202","","0","","","Source indexed. Runtime coverage is feature/state sampling; see report and dialog inventory."
"lib/base-rpc.ts","Domain or shared infrastructure","1470","","0","resolveHedgeDelayMs:120; collectRpcErrors:497","react; viem; viem/chains; ./env-config; ./base-rpc-policy","Source indexed. Runtime coverage is feature/state sampling; see report and dialog inventory."
"lib/blackjack-randomness-lock.mjs","Domain or shared infrastructure","23","","0","normalizeBlackjackLockBetAmount:1; blackjackRandomnessLockMismatch:7","","Source indexed. Runtime coverage is feature/state sampling; see report and dialog inventory."
"lib/bridge-debug-access.ts","Domain or shared infrastructure","49","","0","isLocalhostRequest:5; requireBridgeDebugAccess:10","next/server; ./auth-utils; ./request-rate-limit","Source indexed. Runtime coverage is feature/state sampling; see report and dialog inventory."
"lib/broadcast-service.ts","Domain or shared infrastructure","520","","0","setCounterInitialValue:32; syncCounterTTL:49; getCounterValue:58; createBroadcast:69; getActiveBroadcasts:143; getMessagesForUser:200; dismissMessage:229; trackImpression:261; updateBroadcast:275; deleteBroadcast:349; getBroadcastStats:369; cleanupExpiredMessages:398; cleanupOrphanedDismissals:415; nukeAllBroadcastData:474","./redis; nanoid","Source indexed. Runtime coverage is feature/state sampling; see report and dialog inventory."
"lib/builder-code.ts","Domain or shared infrastructure","177","","0","computeDataSuffix:32; getDataSuffix:62; getBuilderCapabilities:76; isBuilderCodeConfigured:87; getBuilderCode:94; appendBuilderSuffix:105; transformCallsWithBuilderCode:127","ox/erc8021; viem; ./env-config","Source indexed. Runtime coverage is feature/state sampling; see report and dialog inventory."
"lib/cache-utils.ts","Domain or shared infrastructure","119","","0","isDurableTransactionKey:44; clearAppCaches:48","","Source indexed. Runtime coverage is feature/state sampling; see report and dialog inventory."
"lib/casino-amount-input.ts","Domain or shared infrastructure","125","","0","isPotentialCasinoAmountInput:18; expandCasinoAmountInput:24; parseCasinoAmountInput:59; getCasinoUiMinBet:65; getCasinoUiMaxBet:74; formatCasinoLimitForToken:83; formatCasinoLimit:97","viem","Source indexed. Runtime coverage is feature/state sampling; see report and dialog inventory."
"lib/casino-bet-preferences.ts","Domain or shared infrastructure","65","","0","","viem; ./casino-amount-input","Source indexed. Runtime coverage is feature/state sampling; see report and dialog inventory."
"lib/casino-client.ts","Domain or shared infrastructure","10","","0","getClientCasinoPolicy:4","@/lib/env-config; @/lib/casino-policy","Source indexed. Runtime coverage is feature/state sampling; see report and dialog inventory."
"lib/casino-feature.ts","Domain or shared infrastructure","46","","0","isTruthyFlag:3; isCasinoEnabled:9; isCasinoMiniAppOnly:16; isBlackjackEnabled:21; isLegacyBlackjackContractAcknowledged:36; getCasinoPolicy:40","./casino-policy","Source indexed. Runtime coverage is feature/state sampling; see report and dialog inventory."
"lib/casino-hardening-rules.mjs","Domain or shared infrastructure","80","","0","rouletteBetWins:26; rouletteHasUnsupportedZeroCombo:57; rouletteCanReveal:61; rouletteRevealBlocksRemaining:69","","Source indexed. Runtime coverage is feature/state sampling; see report and dialog inventory."
"lib/casino-policy.ts","Domain or shared infrastructure","30","","0","buildCasinoPolicy:4","","Source indexed. Runtime coverage is feature/state sampling; see report and dialog inventory."
"lib/casino-pool-solvency.ts","Domain or shared infrastructure","37","","0","getPoolBoundedMaxBet:10; getPoolBoundedAdditionalBet:28","","Source indexed. Runtime coverage is feature/state sampling; see report and dialog inventory."
"lib/chat-auth-client.ts","Domain or shared infrastructure","299","","0","normalizeAddress:57; setPublicChatSessionCache:61; parseError:68; parseSessionResponse:81; emitPublicChatSessionEvent:89; syncConfirmedMiniAppSession:102; getCurrentPublicChatSession:119; getCurrentPublicChatSessionForAddress:123; createPrivyPublicChatSession:196; createFarcasterPublicChatSession:218; createBasePublicChatSession:247; clearPublicChatSession:267; requestBasePublicChatNonce:282","@/lib/confirmed-miniapp-session; @/lib/farcaster-miniapp-auth-headers; @/lib/host-environment; @/lib/farcaster-miniapp-auth-client","Source indexed. Runtime coverage is feature/state sampling; see report and dialog inventory."
"lib/chat-auth.ts","Domain or shared infrastructure","1366","","0","getChatSessionKey:137; getBaseNonceKey:141; getFarcasterAuthAddressKey:145; getFarcasterVerifiedEthereumAddressesKey:149; normalizeAddress:153; normalizeExpectedEthereumAddress:157; getFarcasterConnectedWalletAddressFromRequest:173; addEthereumAddressCandidate:180; addEthereumAddressCandidates:188; extractFarcasterEthereumAddresses:209; isFarcasterInvalidTokenError:236; resolveFarcasterAuthAddressFromFid:256; resolveFarcasterVerifiedEthereumAddressesFromFid:294; normalizeOrigin:344; normalizeSiweDomain:348; getExpectedBaseDomains:362; normalizeBaseSiweChainIdValue:378; normalizeBaseSiweLine:396; normalizeBaseSiweMessage:433; parseRequiredBaseSiweDate:442; parseBaseSiweChainId:452; parseBaseSiweMessage:467; resolveConfiguredBaseAuthUrl:521; getExpectedBaseUrls:540; validateBaseSiweTemporalClaims:546; getBaseSignatureShape:567; recoverBaseAuthMessageAddress:600; getCoinbaseSmartWalletReplaySafeHash:619; verifyBaseErc1271Hash:642; verifyBaseMessageWithDirectErc1271:660; logBaseAuthFailureDiagnostic:691; logBaseAuthDirectErc1271SuccessDiagnostic:751; getConfiguredBaseUrl:785; getExpectedDomain:789; buildPrivateNoStoreHeaders:793; setChatSessionCookie:799; clearChatSessionCookie:809; toSessionSummary:819; createChatAuthRequiredResponse:829; createChatUnavailableResponse:849; createChatAuthErrorResponse:859; issueBaseAuthNonce:873; consumeBaseAuthNonce:888; getChatSessionFromRequest:914; resolveChatSessionReadResult:945; getFarcasterQuickAuthTokenFromRequest:959; getChatSessionOrQuickAuthFromRequest:970; clearChatSessionForRequest:1047; createChatSessionResponse:1056; getPrivyServerClient:1091; getPrivyWalletAccounts:1116; verifyPrivyChatIdentity:1139; verifyFarcasterChatIdentity:1220; verifyBaseChatIdentity:1277","crypto; next/server; nanoid; viem; viem/chains; @farcaster/quick-auth; @privy-io/node; @/lib/base-rpc; @/lib/env-config; @/lib/farcaster-miniapp-auth-headers; @/lib/solana-twin; @/lib/redis; @/lib/utils","Source indexed. Runtime coverage is feature/state sampling; see report and dialog inventory."
"lib/chat-preferences.ts","Domain or shared infrastructure","62","","0","loadChatMode:16; storeChatMode:27; loadChatLastRead:37; storeChatLastRead:53","./types","Source indexed. Runtime coverage is feature/state sampling; see report and dialog inventory."
"lib/chat-service.ts","Domain or shared infrastructure","465","","0","hasScanClient:26; normalizeScanCursor:32; scanRawKeys:37; scanChatKeys:74; extractChatMessageTimestamp:86; cleanupChatMessageIndex:94; backfillChatMessageIndex:100; getIndexedMessageKeys:116; loadMessages:127; createMessageHash:164; formatDisplayName:170; storeMessage:175; getRecentMessages:213; checkRateLimit:227; updateRateLimit:263; checkSpam:280; validateMessage:334; getChatStats:363; getAllMessagesForAdmin:396; deleteMessage:407; deleteAllMessages:419; cleanupOldData:441","./redis; nanoid; ./types; ./ens-resolver; ./constants; ./redis","Source indexed. Runtime coverage is feature/state sampling; see report and dialog inventory."
"lib/clipboard.ts","Domain or shared infrastructure","21","","0","copyWithToast:11","react-hot-toast","Source indexed. Runtime coverage is feature/state sampling; see report and dialog inventory."
"lib/confirmed-miniapp-session.ts","Domain or shared infrastructure","92","","0","updateConfirmedMiniAppSessionSnapshot:30; confirmMiniAppSession:37; clearConfirmedMiniAppSession:56; getConfirmedMiniAppSessionSnapshot:69; subscribeToConfirmedMiniAppSession:73; useConfirmedMiniAppSession:80","react","Source indexed. Runtime coverage is feature/state sampling; see report and dialog inventory."
"lib/constants.ts","Domain or shared infrastructure","77","","0","","","Source indexed. Runtime coverage is feature/state sampling; see report and dialog inventory."
"lib/contracts.ts","Domain or shared infrastructure","4202","","0","","./quest-ui; @/public/abi/fence-v2-abi; @/lib/format-address; @/public/abi/staking-abi; @/public/abi/Uniswap.json; viem; ../public/abi/leaf-abi; ../public/abi/pixotchi-v3-abi; ./base-rpc; ./builder-code; ./env-config; ./solana-constants; ./quest-reward-storage; ./types; @/public/abi/casino-abi; @/public/abi/baccarat-abi; @/public/abi/blackjack-abi","Source indexed. Runtime coverage is feature/state sampling; see report and dialog inventory."
"lib/efp-service.ts","Domain or shared infrastructure","41","","0","fetchEfpStats:14; fetchEfpEnsData:29","","Source indexed. Runtime coverage is feature/state sampling; see report and dialog inventory."
"lib/efp-transaction-workflow.ts","Domain or shared infrastructure","481","","0","normalizeAccountAddress:57; createEfpSlot:64; createWorkflowId:77; getRelationshipListOps:90; buildEfpRelationshipTransactions:113; getEfpWorkflowStorageKey:178; serializeWorkflow:182; deserializeWorkflow:188; isRecord:203; isTransaction:207; parseWorkflow:228; emitWorkflowChange:285; createEfpWorkflowSnapshot:290; readEfpWorkflow:325; writeEfpWorkflow:342; removeEfpWorkflow:372; getBrowserEfpWorkflowStorage:395; subscribeEfpWorkflowChanges:404; getEfpWorkflowTransactionHash:425; updateEfpWorkflowProof:433; advanceEfpWorkflowAfterSuccess:458","ethereum-identity-kit; viem","Source indexed. Runtime coverage is feature/state sampling; see report and dialog inventory."
"lib/ens-resolver.ts","Domain or shared infrastructure","246","","0","cacheHit:27; readCache:34; readCaches:46; writeCache:68; normaliseAddress:77; truncateAddress:82; sanitiseResolvedName:90; resolveBasename:111; resolveEnsName:135; resolvePrimaryName:151; resolvePrimaryNames:187","viem; ./base-rpc; ./redis; ./constants","Source indexed. Runtime coverage is feature/state sampling; see report and dialog inventory."
"lib/env-config.ts","Domain or shared infrastructure","246","","0","getTrimmedEnvValue:172; getPrivyChatAuthConfigStatus:182","./notifications/provider","Source indexed. Runtime coverage is feature/state sampling; see report and dialog inventory."
"lib/eth-mode-context.tsx","Domain or shared infrastructure","100","","0","EthModeProvider:24; useEthMode:87; useEthModeSafe:96","react","Source indexed. Runtime coverage is feature/state sampling; see report and dialog inventory."
"lib/farcaster-miniapp-auth-client.ts","Domain or shared infrastructure","65","","0","loadFarcasterSdk:14; normalizeEthereumAddress:19; getConnectedMiniAppWalletAddress:28; getMiniAppQuickAuthHeaders:45","@/lib/farcaster-miniapp-auth-headers; @/lib/host-environment","Source indexed. Runtime coverage is feature/state sampling; see report and dialog inventory."
"lib/farcaster-miniapp-auth-headers.ts","Domain or shared infrastructure","2","","0","","","Source indexed. Runtime coverage is feature/state sampling; see report and dialog inventory."
"lib/farm-view-context.tsx","Domain or shared infrastructure","88","","0","FarmViewProvider:40; useFarmView:81","react; @/components/solana; @/hooks/useWebQueryState","Source indexed. Runtime coverage is feature/state sampling; see report and dialog inventory."
"lib/format-address.ts","Domain or shared infrastructure","20","","0","formatAddress:14","./constants","Source indexed. Runtime coverage is feature/state sampling; see report and dialog inventory."
"lib/frame-context.tsx","Domain or shared infrastructure","32","","0","useFrameContext:13; FrameProvider:17","react; @/lib/host-environment","Source indexed. Runtime coverage is feature/state sampling; see report and dialog inventory."
"lib/gamification-client.ts","Domain or shared infrastructure","10","","0","getClientGamificationPolicy:4","@/lib/env-config; @/lib/gamification-policy","Source indexed. Runtime coverage is feature/state sampling; see report and dialog inventory."
"lib/gamification-feature.ts","Domain or shared infrastructure","36","","0","isTruthyFlag:6; isGamificationDisabled:12; isGamificationMiniAppOnly:19; getGamificationDisabledMessage:24; getGamificationPolicy:30","./gamification-policy","Source indexed. Runtime coverage is feature/state sampling; see report and dialog inventory."
"lib/gamification-policy.ts","Domain or shared infrastructure","29","","0","buildGamificationPolicy:4","","Source indexed. Runtime coverage is feature/state sampling; see report and dialog inventory."
"lib/gamification-proof.ts","Domain or shared infrastructure","307","","0","missionTaskRequiresProof:38; sameAddress:111; positive:115; isValidFenceCallData:119; decodeArgs:131; matchingLogs:146; anyAssetAccess:166; validateSwap:184; validateMissionProofEvidence:217","viem; ./contracts; ./swap/constants; ./seed-market; ./gamification-types","Source indexed. Runtime coverage is feature/state sampling; see report and dialog inventory."
"lib/gamification-service.ts","Domain or shared infrastructure","676","","0","getTodayDateString:16; assertMissionProofUnused:54; compareAndSetMissionWithProof:86; toMonth:118; isCombinedMonth:122; createInitialMissionDay:128; hydrateMissionDay:139; applyMissionTaskProgress:188; getStreak:229; normalizeStreakIfMissed:240; trackDailyActivity:261; getMissionDay:300; resolveMissionDayRead:307; sectionCompleteS1:321; sectionCompleteS2:324; sectionCompleteS3:327; sectionCompleteS4:330; awardPoints:334; markMissionTask:346; getCombinedMissionLeaderboard:438; getCombinedStreakLeaderboard:469; convertZRangeResponse:501; getMonthlyMissionLeaderboard:514; getMissionScoreKeys:520; resolveMissionScoreRead:559; getCombinedMissionScore:574; getLeaderboards:596; getMissionLeaderboard:614; adminReset:620; getMissionScore:656","@/lib/redis; ./gamification-feature; ./gamification-types","Source indexed. Runtime coverage is feature/state sampling; see report and dialog inventory."
"lib/gamification-types.ts","Domain or shared infrastructure","76","","0","isGmTaskId:25","","Source indexed. Runtime coverage is feature/state sampling; see report and dialog inventory."
"lib/host-environment.tsx","Domain or shared infrastructure","346","","0","loadMiniAppSdk:93; withTimeout:103; applySafeAreaInsets:112; notifyHostEnvironmentListeners:133; updateHostEnvironmentSnapshot:139; getMiniAppContextPromise:156; toHostEnvironmentState:175; attachLateContextListener:200; ensureHostEnvironmentResolved:242; getHostEnvironmentSnapshot:315; subscribeToHostEnvironment:319; HostEnvironmentProvider:326; useHostEnvironment:343","react","Source indexed. Runtime coverage is feature/state sampling; see report and dialog inventory."
"lib/indexer-client.ts","Domain or shared infrastructure","72","","0","getMaxRequestBytes:13; getIndexerUpstreamUrl:18; buildIndexerHeaders:24; fetchIndexerGraphQL:37","server-only","Source indexed. Runtime coverage is feature/state sampling; see report and dialog inventory."
"lib/land-utils.ts","Domain or shared infrastructure","182","","0","getCoordinateFromTokenId:29; getTokenIdFromCoordinate:56; getNeighbors:83; getTerrainNoise:96; contractToVisual:115; visualToContract:132; getVisualTerrainType:168","","Source indexed. Runtime coverage is feature/state sampling; see report and dialog inventory."
"lib/local-test-connector.ts","Domain or shared infrastructure","373","","0","getTestAccount:24; normalizeMessageParam:29; assertLocalTestAllowed:61; parseOptionalBigInt:67; parseOptionalNonce:87; sendLocalTestTransaction:103; localTestConnector:211","viem; viem/accounts; @wagmi/core; wagmi; viem/chains; ./local-test-wallet; ./local-test-mode; ./base-rpc; ./rpc-transport; ./pending-evm-transaction; ./local-test-transaction","Source indexed. Runtime coverage is feature/state sampling; see report and dialog inventory."
"lib/local-test-mode.ts","Domain or shared infrastructure","16","","0","isLocalTestAuthAllowed:3","","Source indexed. Runtime coverage is feature/state sampling; see report and dialog inventory."
"lib/local-test-transaction.ts","Domain or shared infrastructure","36","","0","broadcastSignedLocalTestTransaction:21","viem","Source indexed. Runtime coverage is feature/state sampling; see report and dialog inventory."
"lib/local-test-wallet.ts","Domain or shared infrastructure","166","","0","isHexPrivateKey:31; normalizeStoredWallet:35; readConfiguredWallet:53; readStoredWallet:67; writeStoredWallet:80; shouldCreateWalletForCurrentSurface:84; createLocalTestWallet:101; ensureLocalTestWallet:125; getLocalTestWalletAddress:144","viem; viem/accounts; @/lib/local-test-mode","Source indexed. Runtime coverage is feature/state sampling; see report and dialog inventory."
"lib/logger.ts","Domain or shared infrastructure","62","","0","","","Source indexed. Runtime coverage is feature/state sampling; see report and dialog inventory."
"lib/marketplace-price.ts","Domain or shared infrastructure","49","","0","getMarketplacePriceRatio:8; formatMarketplacePriceRatio:19; computeMarketplaceAmountAsk:33","","Source indexed. Runtime coverage is feature/state sampling; see report and dialog inventory."
"lib/mission-tracking.ts","Domain or shared infrastructure","447","","0","delay:53; getExpectedAddress:57; isRetrySafe:63; getMissionOutboxId:70; emitMissionTrackingEvent:81; onMissionTrackingEvent:112; readMissionOutbox:135; writeMissionOutbox:167; enqueueMissionProgress:184; removeMissionOutboxEntry:196; removeMissionOutboxEntryById:201; getMissionResponseError:209; postMissionRequest:222; recoverMissionAuth:240; performMissionRequest:269; ensureMissionLifecycleListeners:338; flushMissionProgressOutbox:354; postMissionProgress:396","@/lib/base-chat-session-refresh; @/lib/farcaster-miniapp-auth-client; @/lib/host-environment; @/lib/public-chat-session-refresh; @/lib/session-storage-manager","Source indexed. Runtime coverage is feature/state sampling; see report and dialog inventory."
"lib/notification-client.ts","Domain or shared infrastructure","78","","0","sendFrameNotification:22","@farcaster/miniapp-sdk; @/lib/notification; @/lib/types","Source indexed. Runtime coverage is feature/state sampling; see report and dialog inventory."
"lib/notification.ts","Domain or shared infrastructure","43","","0","getUserNotificationDetailsKey:7; getUserNotificationDetails:11; setUserNotificationDetails:23; deleteUserNotificationDetails:34","./redis; ./types","Source indexed. Runtime coverage is feature/state sampling; see report and dialog inventory."
"lib/notifications/base-api.ts","Domain or shared infrastructure","371","","0","getBaseNotificationsApiKey:78; getBaseHeaders:83; parseJsonSafe:96; buildBaseApiError:104; getRetryDelayMs:116; isRetryableBaseSendStatus:120; shouldPruneBaseFailureReason:124; finalizePrunedSnapshot:129; isBaseNotificationsConfigured:140; fetchBaseNotificationUsers:144; sendBaseNotificationBatch:199; sendBaseNotificationsInChunks:278","@/lib/env-config; @/lib/notifications/constants; @/lib/notifications/storage; @/lib/notifications/utils","Source indexed. Runtime coverage is feature/state sampling; see report and dialog inventory."
"lib/notifications/campaigns.ts","Domain or shared infrastructure","272","","0","normalizeCampaignInput:45; resolveBaseCampaignRecipients:58; previewBaseCampaign:120; sendBaseCampaign:132","@/lib/env-config; @/lib/notifications/storage; @/lib/notifications/constants; @/lib/notifications/base-api; @/lib/notifications/utils","Source indexed. Runtime coverage is feature/state sampling; see report and dialog inventory."
"lib/notifications/constants.ts","Domain or shared infrastructure","85","","0","getBaseAudienceSnapshotAddressesKey:30; getBaseAudienceSnapshotMetaKey:34; getPlantCarePrefix:38; getPlantCareUserThrottleKey:42; getPlantCarePlantThrottleKey:50; getPlantCareLogKey:58; getPlantCareLastKey:62; getPlantCareSentCountKey:66; getPlantCareRunsKey:70; getCampaignMetaKey:74; getCampaignProgressKey:78; getCampaignResultsKey:82","@/lib/notifications/provider","Source indexed. Runtime coverage is feature/state sampling; see report and dialog inventory."
"lib/notifications/cron-auth.ts","Domain or shared infrastructure","13","","0","verifyVercelCron:3","next/server","Source indexed. Runtime coverage is feature/state sampling; see report and dialog inventory."
"lib/notifications/plant-care.ts","Domain or shared infrastructure","88","","0","collectDuePlantsByOwner:27","date-fns; @/lib/contracts; @/lib/notifications/constants; @/lib/notifications/utils","Source indexed. Runtime coverage is feature/state sampling; see report and dialog inventory."
"lib/notifications/provider.ts","Domain or shared infrastructure","22","","0","normalizeNotificationProvider:5; getNotificationProviderLabel:11; isBaseNotificationProvider:15; isNeynarNotificationProvider:19","","Source indexed. Runtime coverage is feature/state sampling; see report and dialog inventory."
"lib/notifications/storage.ts","Domain or shared infrastructure","536","","0","toJsonString:110; readJsonRaw:114; writeJsonRaw:135; appendJsonList:143; getSetMembersRaw:152; getSetCardRaw:161; acquireBaseApiLock:178; releaseBaseApiLock:187; clearBaseApiLock:199; getBaseAudienceSyncState:207; setBaseAudienceSyncState:211; getBaseAudienceCurrentSnapshotId:224; getBaseAudienceSnapshotMeta:233; getCurrentBaseAudienceSnapshotMeta:239; getCurrentBaseAudienceAddresses:248; deleteBaseAudienceSnapshot:257; addBaseAudienceAddresses:266; createBaseAudienceSyncState:276; finalizeBaseAudienceSnapshot:299; listBaseAudienceHistory:333; pruneBaseAudienceAddressesFromCurrentSnapshot:354; recordPlantCareRun:398; getPlantCareStats:411; createCampaignMeta:453; getCampaignMeta:479; updateCampaignMeta:483; setCampaignProgress:502; getCampaignProgress:509; setCampaignResults:515; getCampaignResults:519; listCampaigns:523","nanoid; @/lib/redis; @/lib/notifications/constants; @/lib/notifications/provider; @/lib/notifications/utils","Source indexed. Runtime coverage is feature/state sampling; see report and dialog inventory."
"lib/notifications/utils.ts","Domain or shared infrastructure","55","","0","chunkArray:5; normalizeWalletAddress:17; uniqueWalletAddresses:30; parseWalletAddressInput:43; normalizeTargetPath:47","viem","Source indexed. Runtime coverage is feature/state sampling; see report and dialog inventory."
"lib/open-external.ts","Domain or shared infrastructure","81","","0","loadFarcasterSdk:11; isMiniApp:16; openExternalUrl:30; handleExternalAnchorClick:58","@/lib/host-environment; react","Source indexed. Runtime coverage is feature/state sampling; see report and dialog inventory."
"lib/owner-resource-invalidation.ts","Domain or shared infrastructure","323","","0","normalizeAddress:62; resourceVersionKey:67; createEventId:71; invalidateOwnerResources:83; clearOwnerResources:132; onOwnerResourceInvalidation:142; reconcileOwnerResources:189; ownerInvalidationMatches:245; getOwnerResourceVersion:254; waitForRetry:261; retryOwnerRead:285; isAbortError:320","@/lib/app-events","Source indexed. Runtime coverage is feature/state sampling; see report and dialog inventory."
"lib/owner-resource-query-cache.ts","Domain or shared infrastructure","56","","0","invalidateOwnerResourceQueries:11","@tanstack/react-query; ./owner-resource-invalidation","Source indexed. Runtime coverage is feature/state sampling; see report and dialog inventory."
"lib/paymaster-context.tsx","Domain or shared infrastructure","38","","0","PaymasterProvider:23; usePaymaster:32","react","Source indexed. Runtime coverage is feature/state sampling; see report and dialog inventory."
"lib/pending-evm-coordinator.ts","Domain or shared infrastructure","357","","0","getCoordinatorKey:45; changeBelongsToCoordinator:49; publish:55; destroyCoordinatorIfUnused:64; reconcileCoordinator:71; queueCoordinatorReconcile:218; retryCoordinatorAfterSettledRecovery:234; getOrCreateCoordinator:238; registerPendingEvmController:263; claimPendingEvmCoordinatorAttempt:284; releasePendingEvmCoordinatorAttempt:309; promotePendingEvmCoordinatorAttemptToMonitor:327; requestPendingEvmCoordinatorReconcile:353","@/lib/pending-evm-transaction","Source indexed. Runtime coverage is feature/state sampling; see report and dialog inventory."
"lib/pending-evm-transaction.ts","Domain or shared infrastructure","1611","","0","normalizePendingEffects:63; hasValidPendingEffects:83; isDefinitivePendingEvmPreSubmissionError:185; isDefinitiveUnsupportedEvmBatchError:296; isHex32:364; normalizeAddress:368; isRegistryIdentity:372; createPendingEvmScope:378; createPendingEvmCallsDigest:388; getPendingEvmIntentDigest:392; getPendingEvmStorageKey:396; getPendingEvmRecordStorageKey:410; getPendingEvmIntentRecordPrefix:414; getRegistryPrefix:418; getSubmissionLeaseKey:427; getMonitorLeaseKey:435; getLeaseClaimPrefix:439; getLeaseClaimKey:443; parsePendingEvmLease:449; capturePendingEvmStorageKeys:482; samePendingEvmKeySet:517; collectStablePendingEvmStorageEntries:522; compareAndDeletePendingEvmStorageValue:614; collectStoredLeases:628; getStoredLeaseExpiresAt:669; getPendingEvmSubmissionLeaseExpiresAt:681; getPendingEvmMonitorLeaseExpiresAt:695; canDurablyPersistPendingEvmTransactions:709; getBrowserPendingEvmStorage:748; dispatchPendingEvmChange:757; createAttemptId:762; createPendingEvmRecord:769; getPendingEvmAckLockMs:815; getPendingEvmAckUnlockAt:824; getPendingEvmPhase:830; isStructurallyValidRecord:845; readStoredValue:888; deleteRecordKey:930; parseStoredRecord:961; readPendingEvmRecord:1001; collectPendingEvmKeys:1023; listPendingEvmRecords:1040; scanPendingEvmRecords:1047; listUnacknowledgedPendingEvmRecords:1086; hasUnacknowledgedPendingEvmRecord:1093; getPendingEvmCompatibility:1100; writePendingEvmRecord:1113; finalizePendingEvmRecord:1143; replacePendingEvmProof:1203; proofsMatch:1239; compareAndDeletePendingEvmRecord:1248; removePendingEvmRecord:1278; acknowledgePendingEvmRecord:1282; subscribePendingEvmChanges:1301; schedulePendingEvmLeaseExpiry:1341; runWithFallbackLease:1365; withPendingEvmSubmissionLease:1503; withPendingEvmSubmissionGuard:1538; withPendingEvmMonitorLease:1555; resumePendingEvmRecord:1585; withPendingEvmHardDeadline:1600","viem; @/lib/owner-resource-invalidation","Source indexed. Runtime coverage is feature/state sampling; see report and dialog inventory."
"lib/pixotchi-links.ts","Domain or shared infrastructure","3","","0","","","Source indexed. Runtime coverage is feature/state sampling; see report and dialog inventory."
"lib/pixotchi-token-info.ts","Domain or shared infrastructure","159","","0","getPixotchiTokenInfo:152; getAllPixotchiTokenInfo:156","./env-config; ./swap/constants","Source indexed. Runtime coverage is feature/state sampling; see report and dialog inventory."
"lib/plant-lifetime.ts","Domain or shared infrastructure","11","","0","getPlantLifetime:2","","Source indexed. Runtime coverage is feature/state sampling; see report and dialog inventory."
"lib/public-chat-session-refresh.ts","Domain or shared infrastructure","102","","0","generateRequestId:28; emitPublicChatSessionRefreshResult:36; requestPublicChatSessionRefresh:49","","Source indexed. Runtime coverage is feature/state sampling; see report and dialog inventory."
"lib/query-keys.ts","Domain or shared infrastructure","25","","0","","","Source indexed. Runtime coverage is feature/state sampling; see report and dialog inventory."
"lib/quest-preferences.ts","Domain or shared infrastructure","199","","0","loadBatchQuestDifficulty:13; storeBatchQuestDifficulty:27; readRun:68; isBatchQuestRunPaid:102; isBatchQuestRunPending:116; getBatchQuestRunSubmissionIdentity:129; markBatchQuestRunPaid:142; markBatchQuestRunPending:167; clearBatchQuestRun:190","./contracts","Source indexed. Runtime coverage is feature/state sampling; see report and dialog inventory."
"lib/quest-reward-storage.ts","Domain or shared infrastructure","35","","0","isLatestQuestRewardStorageRead:23","viem","Source indexed. Runtime coverage is feature/state sampling; see report and dialog inventory."
"lib/quest-ui.ts","Domain or shared infrastructure","126","","0","isQuestFinalizeExpired:8; questFinalizeBlocksRemaining:13; record:25; transactionHash:29; getQuestFinalizeResult:34; getQuestFinalizeOutcome:70; compactAmount:74; describeQuestResult:82; saveQuestResult:108; loadQuestResult:115","viem; @/public/abi/pixotchi-v3-abi; @/lib/env-config","Source indexed. Runtime coverage is feature/state sampling; see report and dialog inventory."
"lib/redis.ts","Domain or shared infrastructure","415","","0","redisGetJSONResult:82; redisGetJSON:108; redisSetJSON:113; redisDel:130; redisGetJSONRaw:141; redisSetJSONRaw:161; redisDelRaw:177; redisKeys:188; scanKeysInternal:201; redisScanKeys:235; redisScanKeysRaw:241; redisIncrBy:245; redisExpire:256; redisTTL:267; redisPersist:284; redisCompareAndSetJSON:335; redisCompareAndSetJSONRaw:376","@upstash/redis; ./logger","Source indexed. Runtime coverage is feature/state sampling; see report and dialog inventory."
"lib/request-rate-limit.ts","Domain or shared infrastructure","89","","0","normalizeIdentifier:18; getRequestIp:27; enforceRateLimit:38","next/server; ./redis","Source indexed. Runtime coverage is feature/state sampling; see report and dialog inventory."
"lib/rpc-transport.ts","Domain or shared infrastructure","15","","0","","viem; ./base-rpc","Source indexed. Runtime coverage is feature/state sampling; see report and dialog inventory."
"lib/secret-garden.ts","Domain or shared infrastructure","134","","0","getSigningKey:10; getSecretGardenSequence:23; signPayload:44; parseProgressCookie:48; serializeProgressCookie:79; createUnlockToken:89; verifyUnlockToken:101; signTokenForCookie:130","node:crypto; @/lib/theme-utils","Source indexed. Runtime coverage is feature/state sampling; see report and dialog inventory."
"lib/seed-market.ts","Domain or shared infrastructure","154","","0","normalizeNumber:54; normalizeWindowStats:58; normalizeTxns:68; fetchSeedMarketPulse:90","","Source indexed. Runtime coverage is feature/state sampling; see report and dialog inventory."
"lib/session-storage-manager.ts","Domain or shared infrastructure","444","","0","","","Source indexed. Runtime coverage is feature/state sampling; see report and dialog inventory."
"lib/smart-wallet-context.tsx","Domain or shared infrastructure","264","","0","createEmptyDetection:37; SmartWalletProvider:52; useSmartWallet:257","react; wagmi","Source indexed. Runtime coverage is feature/state sampling; see report and dialog inventory."
"lib/snow-context.tsx","Domain or shared infrastructure","92","","0","SnowProvider:25; useSnow:89","react; @/components/ui/performance-mode","Source indexed. Runtime coverage is feature/state sampling; see report and dialog inventory."
"lib/solana-auth-availability.ts","Domain or shared infrastructure","43","","0","getPrivySolanaConnectors:3; hasUsableSolanaConnectors:20; isSolanaAuthAvailable:39","@/lib/solana-constants","Source indexed. Runtime coverage is feature/state sampling; see report and dialog inventory."
"lib/solana-bridge-executor.ts","Domain or shared infrastructure","204","","0","createSolanaBridgeTransaction:57; executeBridgeTransaction:100; checkSolBalance:160; formatSolAmount:198","@solana/web3.js; viem; ./solana-bridge-implementation; ./solana-bridge-service; ./solana-bridge-lifecycle; ./solana-constants","Source indexed. Runtime coverage is feature/state sampling; see report and dialog inventory."
"lib/solana-bridge-flow.ts","Domain or shared infrastructure","87","","0","normalizeIdentityValue:3; nextSolanaQuoteGeneration:9; isCurrentSolanaQuoteGeneration:13; getSolanaQuoteKey:21; getSolanaActionKey:40; getEffectiveSolanaAction:52; getSolanaActionButtonLabel:63","./solana-bridge-service","Source indexed. Runtime coverage is feature/state sampling; see report and dialog inventory."
"lib/solana-bridge-implementation.ts","Domain or shared infrastructure","944","","0","writeBigUInt64LE:89; copyBytes:97; hexToBytes:104; stringToBytes:116; bytesToHex:123; normalizeSalt:129; deriveOutgoingMessagePda:139; deriveMessageToRelayPda:151","@solana/web3.js; viem; ./solana-bridge-lifecycle","Source indexed. Runtime coverage is feature/state sampling; see report and dialog inventory."
"lib/solana-bridge-lifecycle.ts","Domain or shared infrastructure","1518","","0","formatChainError:197; delay:206; assertSuccessfulSignatureResult:210; isConfirmedSignatureStatus:221; resolveDefinitiveSolanaExpiry:234; confirmSolanaTransaction:285; readU64LE:387; readU128LE:391; readU32LE:397; sliceHex:401; decodeCall:405; decodeOutgoingMessage:424; publicKeyToBytes32:461; getMessageHash:465; resolveMessageHash:523; readBaseExecutionStatus:532; checkBaseBridgeExecution:562; waitForBaseBridgeExecution:586; verifySolanaTwinSetup:624; createPendingBridgeAttemptId:649; getPendingBridgeScope:656; getPendingBridgeRecordPrefix:660; getPendingBridgeRecordKey:664; getPendingBridgeClaimPrefix:668; getPendingBridgeClaimKey:672; getBrowserPendingBridgeStorage:676; dispatchPendingBridgeChange:685; capturePendingStorageKeys:700; samePendingStorageKeys:725; collectStablePendingStorageEntries:729; isPendingBridgeAttemptId:807; isPendingBridgeRecord:814; isPendingBridgeRecordActive:876; scanPendingBridgeRecords:890; getActivePendingBridgeRecord:922; loadPendingBridgeRecord:934; loadPendingBridgeAction:944; canDurablyPersistPendingBridgeRecords:953; parsePendingBridgeClaim:988; collectPendingBridgeClaims:1007; runWithPendingBridgeClaim:1023; withPendingBridgeAdmission:1083; padPendingBridgeReservation:1106; createPendingBridgeReservation:1117; acquirePendingBridgeReservation:1143; markPendingBridgeWalletRequest:1233; finalizePendingBridgeReservation:1274; recoverPendingBridgeWalletRequest:1316; reconcilePendingBridgeRecord:1417; replacePendingBridgeAction:1444; removePendingBridgeRecord:1476; releasePendingBridgeReservation:1503; clearPendingBridgeAction:1511","@solana/web3.js; @solana/web3.js; viem; ./base-rpc; ./solana-constants","Source indexed. Runtime coverage is feature/state sampling; see report and dialog inventory."
"lib/solana-bridge-service.ts","Domain or shared infrastructure","581","","0","generateGameSeed:74; buildSetupTransaction:99; buildMintTransaction:141; buildShopItemTransaction:225; buildGardenItemTransaction:276; buildBoxGameTransaction:326; buildSpinGameTransaction:365; buildAttackTransaction:404; buildClaimRewardsTransaction:442; buildSetNameTransaction:480; requiresSetup:538; requiresQuote:552; getActionDescription:566","viem; ./solana-constants; ./solana-twin; ./solana-quote","Source indexed. Runtime coverage is feature/state sampling; see report and dialog inventory."
"lib/solana-constants.ts","Domain or shared infrastructure","383","","0","getBridgeConfig:354; getPixotchiSolanaConfig:361; isSolanaEnabled:369; getSolanaExplorerTxUrl:379","","Source indexed. Runtime coverage is feature/state sampling; see report and dialog inventory."
"lib/solana-quote.ts","Domain or shared infrastructure","185","","0","sleep:31; getAdapterWsolForSeed:35; getWsolToSeedQuote:87; formatWsol:168; formatSeed:173; isQuoteValid:178","viem; ./base-rpc; ./solana-constants","Source indexed. Runtime coverage is feature/state sampling; see report and dialog inventory."
"lib/solana-twin.ts","Domain or shared infrastructure","235","","0","solanaPublicKeyToBytes32:36; base58Decode:73; getTwinAddress:106; getTwinAddressInfo:128; isTwinSetup:200","viem; ./base-rpc; ./solana-constants","Source indexed. Runtime coverage is feature/state sampling; see report and dialog inventory."
"lib/solana-wallet-context.tsx","Domain or shared infrastructure","290","","0","createEmptySnapshot:60; SolanaWalletProvider:88; useSolanaWalletContext:261; useIsSolanaWallet:275; useTwinAddress:286","react; ./solana-twin; ./solana-constants","Source indexed. Runtime coverage is feature/state sampling; see report and dialog inventory."
"lib/spin-game-events.ts","Domain or shared infrastructure","142","","0","scoreSpinReward:43; decodeSpinRewardLog:55; extractBestSpinRewardFromLogs:120","viem","Source indexed. Runtime coverage is feature/state sampling; see report and dialog inventory."
"lib/spin-pending-storage.ts","Domain or shared infrastructure","181","","0","normalizeAccount:20; isBytes32:24; isCommitBlock:28; parseStoredSpinPending:36; getSpinPendingStorageKey:69; getLegacySpinPendingStorageKey:73; readStoredSpinPending:77; writeStoredSpinPending:92; removeStoredSpinPending:118; migrateLegacySpinPending:133","viem","Source indexed. Runtime coverage is feature/state sampling; see report and dialog inventory."
"lib/stake-leaderboard-service.ts","Domain or shared infrastructure","261","","0","parseCachedStakeLeaderboard:41; resolveENSBatch:68; getAllStakersFromContract:80; getStakeLeaderboard:192","./contracts; @/public/abi/stakeabi.json; ./redis; ./ens-resolver; zod","Source indexed. Runtime coverage is feature/state sampling; see report and dialog inventory."
"lib/status-checks.ts","Domain or shared infrastructure","554","","0","checkRpcCluster:86; checkAppReachability:131; checkIndexer:166; checkRedis:197; checkNotifications:232; checkFarcasterMiniApp:299; checkStakeApp:334; checkBaseMainnet:386; getStatusCacheTtlSeconds:481; rememberSnapshot:487; snapshotMatchesCurrentNotificationProvider:492; getStoredStatusSnapshot:502; getCachedStatusSnapshot:520","./env-config; ./base-rpc; ./redis; ./indexer-client; ./notifications/base-api; ./notifications/provider; ./status-snapshot","Source indexed. Runtime coverage is feature/state sampling; see report and dialog inventory."
"lib/status-snapshot.ts","Domain or shared infrastructure","148","","0","isRecord:25; isStatusLevel:29; isBoundedString:33; parseStatusService:37; parseStatusSnapshot:68; publicRpcMetrics:92; isPublicServiceId:122; toPublicStatusSnapshot:131","","Source indexed. Runtime coverage is feature/state sampling; see report and dialog inventory."
"lib/swap/api-errors.ts","Domain or shared infrastructure","45","","0","swapErrorResponse:12","next/server; zod; ./engine","Source indexed. Runtime coverage is feature/state sampling; see report and dialog inventory."
"lib/swap/base-swap-abi.ts","Domain or shared infrastructure","81","","0","","","Source indexed. Runtime coverage is feature/state sampling; see report and dialog inventory."
"lib/swap/bundle-calls.ts","Domain or shared infrastructure","147","","0","currentDeadline:60; useSwapDeadline:86; buildSwapAndApproveCalls:116","react; @/lib/types; @/lib/contracts","Source indexed. Runtime coverage is feature/state sampling; see report and dialog inventory."
"lib/swap/constants.ts","Domain or shared infrastructure","177","","0","isSwapTokenId:122; isUserSwapTokenId:126; isNativeSwapToken:130; isSeedSwapToken:134; getSwapToken:138; getTokenAddress:142; getKyberTokenAddress:150; isAllowedSwapRouter:170","viem; ./types","Source indexed. Runtime coverage is feature/state sampling; see report and dialog inventory."
"lib/swap/engine.ts","Domain or shared infrastructure","819","","0","getSwapQuoteForUserPair:89; buildSwapStep:139; createBlockedQuote:172; quoteKyberStep:193; buildKyberStep:231; createKyberQuoteStep:315; getKyberDisplayQuote:363; quoteBaseSwapSeedStep:443; buildBaseSwapSeedStep:527; fetchKyberRoute:621; fetchKyberBuild:667; fetchWithTimeout:700; assertKyberStep:747; assertBaseSwapSeedStep:753; applyDiscountBps:765; getKyberBuildSlippageBps:773; formatBasisPoints:786; getKyberRouteSources:790; normalizeSourceName:804; getSwapTokenLabel:816","viem; @/lib/base-rpc; ./base-swap-abi; ./constants; ./rules; ./types","Source indexed. Runtime coverage is feature/state sampling; see report and dialog inventory."
"lib/swap/gas.ts","Domain or shared infrastructure","39","","0","estimateSwapCallFee:14; estimateNextSwapFee:18; requireSwapCallFunds:35","viem; viem/op-stack; ../base-rpc; ./base-swap-abi; ./types","Source indexed. Runtime coverage is feature/state sampling; see report and dialog inventory."
"lib/swap/quote-token.ts","Domain or shared infrastructure","133","","0","isQuoteTokenStep:42; getSecret:59; b64url:72; fromB64url:80; signQuoteToken:86; verifyQuoteToken:99","node:crypto; ./constants; ./types","Source indexed. Runtime coverage is feature/state sampling; see report and dialog inventory."
"lib/swap/rules.ts","Domain or shared infrastructure","80","","0","getAllowedSwapSources:33; getAllowedSwapTargets:37; isAllowedUserSwapPair:41; sanitizeSwapDecimalInput:54","./types","Source indexed. Runtime coverage is feature/state sampling; see report and dialog inventory."
"lib/swap/types.ts","Domain or shared infrastructure","89","","0","","viem","Source indexed. Runtime coverage is feature/state sampling; see report and dialog inventory."
"lib/tab-visibility-context.tsx","Domain or shared infrastructure","44","","0","TabVisibilityProvider:20; useTabVisibility:34","react; @/lib/types","Source indexed. Runtime coverage is feature/state sampling; see report and dialog inventory."
"lib/theme-utils.ts","Domain or shared infrastructure","95","","0","clampChannel:34; hslTokenToHex:38; getThemeMetaColor:76; updateMetaThemeColor:80","","Source indexed. Runtime coverage is feature/state sampling; see report and dialog inventory."
"lib/trait-validator.ts","Domain or shared infrastructure","298","","0","parseTraitUrn:34; parseActionUrn:52; isProviderOnlyUrn:61; compareTraitValue:68; extractResources:137; validateTraits:163; validateAction:279; extractAction:290","","Source indexed. Runtime coverage is feature/state sampling; see report and dialog inventory."
"lib/transaction-feedback.ts","Domain or shared infrastructure","79","","0","friendlyTransactionError:8; getTransactionFeedback:38","","Source indexed. Runtime coverage is feature/state sampling; see report and dialog inventory."
"lib/transaction-refresh.ts","Domain or shared infrastructure","149","","0","createEventId:29; getRefreshKey:34; emitDomainRefresh:42; dispatchPostTransactionRefresh:75","@/lib/app-events","Source indexed. Runtime coverage is feature/state sampling; see report and dialog inventory."
"lib/transaction-utils.ts","Domain or shared infrastructure","57","","0","extractTransactionHash:4; normalizeTransactionReceipt:26; getHighestTransactionReceiptBlock:42","","Source indexed. Runtime coverage is feature/state sampling; see report and dialog inventory."
"lib/types.ts","Domain or shared infrastructure","761","","0","","","Source indexed. Runtime coverage is feature/state sampling; see report and dialog inventory."
"lib/untyped-value.d.ts","Domain or shared infrastructure","10","","0","","","Source indexed. Runtime coverage is feature/state sampling; see report and dialog inventory."
"lib/user-stats-service.ts","Domain or shared infrastructure","931","","0","parseCachedUserGameStats:287; getUserGameStats:303; formatStatsForAI:805","./constants; ./contracts; ./redis; ./types; ./utils; zod","Source indexed. Runtime coverage is feature/state sampling; see report and dialog inventory."
"lib/utils.ts","Domain or shared infrastructure","611","","0","cn:7; isValidEthereumAddressFormat:12; calculateImageLevel:20; formatScore:27; formatEth:36; formatScoreShort:45; formatEthShort:58; formatUpgradeDuration:73; formatDuration:77; formatNumber:102; formatTokenAmount:111; formatTokenAmountPrecise:124; formatTokenAmountRounded:170; getCasinoTokenImage:202; formatWholeNumberWithSeparators:218; formatTokenAmountCompact:239; getPlantStatusText:285; getStrainName:296; getFriendlyErrorMessage:308; getBuildingName:368; getQuestDifficulty:389; getQuestReward:398; formatQuestReward:409; formatXP:443; calculateUpgradeProgress:453; calculateTimeLeft:466; getBuildingIcon:488; formatProductionRate:502; formatLifetimeProduction:507; formatLargeNumber:513","clsx; date-fns; tailwind-merge; ./contracts; ./types","Source indexed. Runtime coverage is feature/state sampling; see report and dialog inventory."
"lib/verify-claim-config.ts","Domain or shared infrastructure","6","","0","","","Source indexed. Runtime coverage is feature/state sampling; see report and dialog inventory."
"lib/verify-claim-principal.ts","Domain or shared infrastructure","153","","0","parseExpectedAppUrl:31; parseTime:43; resolveVerifyClaimPrincipal:57","siwe; ./verify-claim-records","Source indexed. Runtime coverage is feature/state sampling; see report and dialog inventory."
"lib/verify-claim-records.ts","Domain or shared infrastructure","580","","0","defaultRedisClient:189; parseStoredJSON:193; readVerifyClaimJSON:199; reserveVerifyClaimPair:221; writeVerifyClaimPair:244; resumeVerifyClaimPairBeforeSubmission:269; canResumeVerifyClaimBeforeSubmission:324; hasNoSubmittedOperation:334; canResumeStaleVerifyClaimReservation:351; sameIdempotencyKeys:364; isCurrentReservationRecord:384; isSameVerifyClaimPair:403; isMatchingCompletedPair:420; getVerifyClaimPairState:442; idempotencyKeyFor:484; createVerifyClaimReservation:493; advanceVerifyClaimRecord:522; createVerifyClaimRetryAttempt:538; normalizeVerifyWalletAddress:554; getVerifyPendingKey:561; getVerifyClaimKey:565; getVerifyWalletClaimKey:569; getVerifyClaimLockKey:573; getVerifyWalletLockKey:577","node:crypto; @/lib/redis","Source indexed. Runtime coverage is feature/state sampling; see report and dialog inventory."
"lib/wagmi-local-test-config.ts","Domain or shared infrastructure","31","","0","","wagmi; viem/chains; ./rpc-transport; ./builder-code; ./local-test-connector","Source indexed. Runtime coverage is feature/state sampling; see report and dialog inventory."
"lib/wagmi-miniapp-config.ts","Domain or shared infrastructure","39","","0","","wagmi; viem/chains; @farcaster/miniapp-wagmi-connector; ./rpc-transport; ./builder-code","Source indexed. Runtime coverage is feature/state sampling; see report and dialog inventory."
"lib/wagmi-privy-config.ts","Domain or shared infrastructure","42","","0","","@privy-io/wagmi; viem/chains; wagmi/connectors; ./base-account-connector; ./builder-code; ./rpc-transport","Source indexed. Runtime coverage is feature/state sampling; see report and dialog inventory."
"lib/wagmi-web-base-config.ts","Domain or shared infrastructure","43","","0","","wagmi; wagmi/connectors; viem/chains; ./rpc-transport; ./base-account-connector; ./builder-code","Source indexed. Runtime coverage is feature/state sampling; see report and dialog inventory."
"lib/warehouse-activity.ts","Domain or shared infrastructure","44","","0","warehouseActivityQuery:17; normalizeWarehouseActivity:28","./types","Source indexed. Runtime coverage is feature/state sampling; see report and dialog inventory."
